Time,Time Code,Country Name,Country Code,"Condom use, population ages 15-24, female (% of females ages 15-24) [SH.CON.1524.FE.ZS]","Condom use, population ages 15-24, male (% of males ages 15-24) [SH.CON.1524.MA.ZS]",Number of infant deaths [SH.DTH.IMRT],Number of under-five deaths [SH.DTH.MORT],Number of neonatal deaths [SH.DTH.NMRT],Women's share of population ages 15+ living with HIV (%) [SH.DYN.AIDS.FE.ZS],"Prevalence of HIV, total (% of population ages 15-49) [SH.DYN.AIDS.ZS]","Mortality rate, under-5 (per 1,000) [SH.DYN.MORT]","Mortality rate, under-5, female (per 1,000 live births) [SH.DYN.MORT.FE]","Mortality rate, under-5, male (per 1,000 live births) [SH.DYN.MORT.MA]","Mortality rate, neonatal (per 1,000 live births) [SH.DYN.NMRT]",Children (0-14) living with HIV [SH.HIV.0014],"Prevalence of HIV, female (% ages 15-24) [SH.HIV.1524.FE.ZS]","Prevalence of HIV, male (% ages 15-24) [SH.HIV.1524.MA.ZS]",Antiretroviral therapy coverage (% of people living with HIV) [SH.HIV.ARTC.ZS],"Immunization, DPT (% of children ages 12-23 months) [SH.IMM.IDPT]","Immunization, measles (% of children ages 12-23 months) [SH.IMM.MEAS]","Hospital beds (per 1,000 people) [SH.MED.BEDS.ZS]","Community health workers (per 1,000 people) [SH.MED.CMHW.P3]","Nurses and midwives (per 1,000 people) [SH.MED.NUMW.P3]","Physicians (per 1,000 people) [SH.MED.PHYS.ZS]",Use of insecticide-treated bed nets (% of under-5 population) [SH.MLR.NETS.ZS],Children with fever receiving antimalarial drugs (% of children under age 5 with fever) [SH.MLR.TRET.ZS],Number of maternal deaths [SH.MMR.DTHS],Lifetime risk of maternal death (1 in: rate varies by country) [SH.MMR.RISK],Lifetime risk of maternal death (%) [SH.MMR.RISK.ZS],Prevalence of anemia among pregnant women (%) [SH.PRG.ANEM],"Smoking prevalence, females (% of adults) [SH.PRV.SMOK.FE]","Smoking prevalence, males (% of adults) [SH.PRV.SMOK.MA]",Improved sanitation facilities (% of population with access) [SH.STA.ACSN],"Improved sanitation facilities, rural (% of rural population with access) [SH.STA.ACSN.RU]","Improved sanitation facilities, urban (% of urban population with access) [SH.STA.ACSN.UR]",Pregnant women receiving prenatal care (%) [SH.STA.ANVC.ZS],ARI treatment (% of children under 5 taken to a health provider) [SH.STA.ARIC.ZS],Exclusive breastfeeding (% of children under 6 months) [SH.STA.BFED.ZS],Births attended by skilled health staff (% of total) [SH.STA.BRTC.ZS],Low-birthweight babies (% of births) [SH.STA.BRTW.ZS],"Prevalence of underweight, weight for age, female (% of children under 5) [SH.STA.MALN.FE.ZS]","Prevalence of underweight, weight for age, male (% of children under 5) [SH.STA.MALN.MA.ZS]","Prevalence of underweight, weight for age (% of children under 5) [SH.STA.MALN.ZS]","Maternal mortality ratio (modeled estimate, per 100,000 live births) [SH.STA.MMRT]","Maternal mortality ratio (national estimate, per 100,000 live births) [SH.STA.MMRT.NE]",Diarrhea treatment (% of children under 5 receiving oral rehydration and continued feeding) [SH.STA.ORCF.ZS],Diarrhea treatment (% of children under 5 who received ORS packet) [SH.STA.ORTH],"Prevalence of overweight, weight for height, female (% of children under 5) [SH.STA.OWGH.FE.ZS]","Prevalence of overweight, weight for height, male (% of children under 5) [SH.STA.OWGH.MA.ZS]","Prevalence of overweight, weight for height (% of children under 5) [SH.STA.OWGH.ZS]","Prevalence of stunting, height for age, female (% of children under 5) [SH.STA.STNT.FE.ZS]","Prevalence of stunting, height for age, male (% of children under 5) [SH.STA.STNT.MA.ZS]","Prevalence of stunting, height for age (% of children under 5) [SH.STA.STNT.ZS]","Prevalence of wasting, weight for height, female (% of children under 5) [SH.STA.WAST.FE.ZS]","Prevalence of wasting, weight for height, male (% of children under 5) [SH.STA.WAST.MA.ZS]","Prevalence of wasting, weight for height (% of children under 5) [SH.STA.WAST.ZS]",Tuberculosis treatment success rate (% of new cases) [SH.TBS.CURE.ZS],"Tuberculosis case detection rate (%, all forms) [SH.TBS.DTEC.ZS]","Incidence of tuberculosis (per 100,000 people) [SH.TBS.INCD]",Newborns protected against tetanus (%) [SH.VAC.TTNS.ZS],External resources for health (% of total expenditure on health) [SH.XPD.EXTR.ZS],Out-of-pocket health expenditure (% of total expenditure on health) [SH.XPD.OOPC.TO.ZS],Out-of-pocket health expenditure (% of private expenditure on health) [SH.XPD.OOPC.ZS],Health expenditure per capita (current US$) [SH.XPD.PCAP],"Health expenditure per capita, PPP (constant 2011 international $) [SH.XPD.PCAP.PP.KD]","Health expenditure, private (% of GDP) [SH.XPD.PRIV.ZS]","Health expenditure, public (% of total health expenditure) [SH.XPD.PUBL]","Health expenditure, public (% of government expenditure) [SH.XPD.PUBL.GX.ZS]","Health expenditure, public (% of GDP) [SH.XPD.PUBL.ZS]","Health expenditure, total (% of GDP) [SH.XPD.TOTL.ZS]",Prevalence of undernourishment (% of population) [SN.ITK.DEFC.ZS],Depth of the food deficit (kilocalories per person per day) [SN.ITK.DFCT],Consumption of iodized salt (% of households) [SN.ITK.SALT.ZS],Vitamin A supplementation coverage rate (% of children ages 6-59 months) [SN.ITK.VITA.ZS],"Adolescent fertility rate (births per 1,000 women ages 15-19) [SP.ADO.TFRT]",Completeness of infant death reporting (% of reported infant deaths to estimated infant deaths) [SP.DTH.INFR.ZS],Completeness of total death reporting (% of reported total deaths to estimated total deaths) [SP.DTH.REPT.ZS],"Mortality rate, adult, female (per 1,000 female adults) [SP.DYN.AMRT.FE]","Mortality rate, adult, male (per 1,000 male adults) [SP.DYN.AMRT.MA]","Birth rate, crude (per 1,000 people) [SP.DYN.CBRT.IN]","Death rate, crude (per 1,000 people) [SP.DYN.CDRT.IN]","Contraceptive prevalence, any methods (% of women ages 15-49) [SP.DYN.CONU.ZS]","Mortality rate, infant, female (per 1,000 live births) [SP.DYN.IMRT.FE.IN]","Mortality rate, infant (per 1,000 live births) [SP.DYN.IMRT.IN]","Mortality rate, infant, male (per 1,000 live births) [SP.DYN.IMRT.MA.IN]","Life expectancy at birth, female (years) [SP.DYN.LE00.FE.IN]","Life expectancy at birth, total (years) [SP.DYN.LE00.IN]","Life expectancy at birth, male (years) [SP.DYN.LE00.MA.IN]","Fertility rate, total (births per woman) [SP.DYN.TFRT.IN]","Survival to age 65, female (% of cohort) [SP.DYN.TO65.FE.ZS]","Survival to age 65, male (% of cohort) [SP.DYN.TO65.MA.ZS]",Wanted fertility rate (births per woman) [SP.DYN.WFRT],Female headed households (% of households with a female head) [SP.HOU.FEMA.ZS],Teenage mothers (% of women ages 15-19 who have had children or are currently pregnant) [SP.MTR.1519.ZS],"Population, ages 0-14 (% of total) [SP.POP.0014.TO.ZS]","Population, ages 15-64 (% of total) [SP.POP.1564.TO.ZS]",Population ages 65 and above (% of total) [SP.POP.65UP.TO.ZS],Age dependency ratio (% of working-age population) [SP.POP.DPND],"Age dependency ratio, old (% of working-age population) [SP.POP.DPND.OL]","Age dependency ratio, young (% of working-age population) [SP.POP.DPND.YG]",Population growth (annual %) [SP.POP.GROW],"Population, total [SP.POP.TOTL]","Population, female (% of total) [SP.POP.TOTL.FE.ZS]","Completeness of birth registration, rural (%) [SP.REG.BRTH.RU.ZS]","Completeness of birth registration, urban (%) [SP.REG.BRTH.UR.ZS]",Completeness of birth registration (%) [SP.REG.BRTH.ZS],Unmet need for contraception (% of married women ages 15-49) [SP.UWT.TFRT],Spousal physical or sexual violence in last 12 months (%) [SG.VAW.MARR.ZS],Prevalence of anemia among women of reproductive age (% of women ages 15-49) [SH.ANM.ALLW.ZS],Demand for family planning satisfied by modern methods (% of married women with demand for family planning) [SH.FPL.SATM.ZS],"Specialist surgical workforce (per 100,000 population) [SH.MED.SAOP.P5]",Risk of catastrophic expenditure for surgical care (% of people at risk) [SH.SGR.CRSK.ZS],Risk of impoverishing expenditure for surgical care (% of people at risk) [SH.SGR.IRSK.ZS],"Number of surgical procedures (per 100,000 population) [SH.SGR.PROC.P5]",Female genital mutilation prevalence (%) [SH.STA.FGMS.ZS],"People practicing open defecation, rural (% of rural population) [SH.STA.ODFC.RU.ZS]","People practicing open defecation, urban (% of urban population) [SH.STA.ODFC.UR.ZS]",People practicing open defecation (% of population) [SH.STA.ODFC.ZS],"Mortality caused by road traffic injury (per 100,000 people) [SH.STA.TRAF.P5]","Contraceptive prevalence, modern methods (% of women ages 15-49) [SP.DYN.CONM.ZS]",Women who were first married by age 18 (% of women ages 20-24) [SP.M18.2024.FE.ZS],Women who believe a husband is justified in beating his wife when she argues with him (%) [SG.VAW.ARGU.ZS],Women who believe a husband is justified in beating his wife when she burns the food (%) [SG.VAW.BURN.ZS],Women who believe a husband is justified in beating his wife when she goes out without telling him (%) [SG.VAW.GOES.ZS],Women who believe a husband is justified in beating his wife when she neglects the children (%) [SG.VAW.NEGL.ZS],Women who believe a husband is justified in beating his wife (any of five reasons) (%) [SG.VAW.REAS.ZS],Women who believe a husband is justified in beating his wife when she refuses sex with him (%) [SG.VAW.REFU.ZS],"Prevalence of severe wasting, weight for height, female (% of children under 5) [SH.SVR.WAST.FE.ZS]","Prevalence of severe wasting, weight for height, male (% of children under 5) [SH.SVR.WAST.MA.ZS]","Prevalence of severe wasting, weight for height (% of children under 5) [SH.SVR.WAST.ZS]",Prevalence of anemia among non-pregnant women (% of women ages 15-49) [SH.ANM.NPRG.ZS],"Cause of death, by communicable diseases and maternal, prenatal and nutrition conditions (% of total) [SH.DTH.COMM.ZS]","Cause of death, by injury (% of total) [SH.DTH.INJR.ZS]","Cause of death, by non-communicable diseases (% of total) [SH.DTH.NCOM.ZS]",Diabetes prevalence (% of population ages 20 to 79) [SH.STA.DIAB.ZS],Prevalence of anemia among children (% of children under 5) [SH.ANM.CHLD.ZS],Completeness of death registration with cause-of-death information (%) [SP.REG.DTHS.ZS]
2014,YR2014,Algeria,DZA,..,..,21375,24676,15138,45.528936212166,0.1,25.6,..,..,15.6,..,0.1,0.1,57,95,95,..,..,..,..,..,..,1300,230,0.430674101847726,..,..,..,87.4,81.5,89.9,..,..,..,..,..,..,..,..,141,..,..,..,..,..,..,..,..,..,..,..,..,..,74,78,92,0.03163415,26.49750353,97.28429079,361.7291743,932.10028378,1.96303251044821,72.76281369,9.90462275,5.24414552955179,7.20717804,5,23,..,..,10.7914,..,..,84.212,134.862,24.309,5.125,..,..,22,..,77.219,74.8080975609756,72.512,2.857,85.28985,77.15522,..,..,..,28.2059094679775,65.9906446582597,5.80344587376273,51.5366314692964,8.79434638624392,42.7422850830525,1.94039918384128,38934334,49.6776392784836,..,..,..,..,..,..,..,..,17.2,35.5,..,..,3.1,0.2,1.1,..,..,..,..,..,..,..,..,..,..,..,..,..,..,..,..,..,..,..
2014,YR2014,Benin,BEN,..,..,24258,37510,11921,58.5807169133373,1.1,102.1,..,..,32.2,7800,0.4,0.2,37,70,63,..,..,..,..,72.7,25.9,1600,49,2.04631550698493,..,..,..,19.6,7.3,35.6,82.8,23.3,41.4,77.2,..,..,..,18,414,350,32.5,..,..,..,1.70000004768372,..,..,34,..,..,4.5,..,60,61,93,25.79195584,39.09983944,76.66605724,37.88944806,85.60836075,2.3431002240023,48.99980402,9.55089804,2.2511962859977,4.59429651,8.1,60,..,99,84.59,..,..,223.156,270.008,36.008,9.361,17.9,..,65.7,..,60.977,59.5105853658537,58.114,4.766,62.01155,55.467,..,..,..,42.4697612356185,54.6407872372666,2.88945152711492,83.0134686123209,5.28808546364469,77.7253831486762,2.6410767577434,10598482,50.1471437135997,..,..,..,..,..,..,..,1.80358829084042,68.5,74.5,..,9.2,75.6,24.9,53.5,..,..,..,..,..,..,..,..,..,..,..,0.899999976158142,..,..,..,..,..,..,..
2014,YR2014,Burundi,BDI,..,..,25172,37343,13261,59.0131532172058,1.1,84.6,..,..,29.3,14000,0.4,0.3,44,95,94,..,..,..,..,..,..,3500,23,4.431196561056,..,..,..,48,48.6,43.8,..,..,..,..,..,..,..,..,737,..,..,..,..,..,..,..,..,..,..,..,..,..,53,126,85,50.27867323,21.02226064,44.47552841,21.55325396,58.01861945,3.56183783299187,52.7329716,13.18522664,3.97372755700813,7.53556539,..,..,..,69,28.6552,..,..,267.069,326.648,43.867,11.313,..,..,55.8,..,58.728,56.6920243902439,54.753,5.948,57.15681,49.76587,..,..,..,44.6421512342769,52.8890177001459,2.46883106557725,89.0751697582089,4.6679465282836,84.4072232299254,3.29780374786576,10816860,50.6005532104511,..,..,..,..,..,..,..,..,87.7,98.7,..,..,2.9,1.5,2.8,..,..,..,..,..,..,..,..,..,..,..,..,..,..,..,..,..,..,..
2014,YR2014,Central African Republic,CAF,..,..,15049,21317,6987,58.2811346270316,4.3,134,..,..,43.3,15000,2,1.4,18,47,49,..,..,..,..,..,..,1400,27,3.67139830314536,..,..,..,21.7,7.2,43.6,..,..,..,..,..,..,..,..,872,..,..,..,..,..,..,..,..,..,..,..,..,..,57,375,60,45.73379423,46.22359876,90.58520575,15.5874302,24.95621963,2.14327914657687,48.97224289,14.16568905,2.05694298342313,4.20022213,44.5,302,..,34,93.2172,..,..,382.005,422.681,33.774,14.532,..,..,93.5,..,52.557,50.6577804878049,48.849,4.286,46.18785,39.96859,..,..,..,39.3882916943848,56.7431243073936,3.8685839982216,76.2328056845648,6.81771412033004,69.4150915642347,1.96828338590843,4804316,50.7134002009859,..,..,..,..,..,..,..,0.36101083032491,75,82.9,..,..,34.2,4.4,22.4,..,..,..,..,..,..,..,..,..,..,..,..,..,..,..,..,..,..,..
2014,YR2014,"Congo, Rep.",COG,..,..,5556,7502,3011,60.9326780203452,2.8,47.1,..,..,18.6,11000,1.4,0.9,17,90,80,..,..,..,..,..,..,750,43,2.30019478144591,..,..,..,14.9,5.6,20,..,..,..,..,..,..,..,..,452,..,..,..,..,..,..,..,..,..,..,..,..,..,58,381,85,4.02168591,17.51202531,96.0218814,161.63860055,322.63336555,0.939490507984924,81.76246387,8.70635969,4.21192085201507,5.15141136,29,188,..,99,119.234,..,..,247.257,285.957,36.536,8.569,..,..,34.4,..,63.859,62.3111463414634,60.837,4.869,63.85665,58.17915,..,..,..,42.610481509056,53.7412302256934,3.64828826525062,86.0768716682459,6.78862067341809,79.2882509948278,2.48634721343358,4504962,49.9827079562491,..,..,..,..,..,..,..,..,53.9,69.9,..,..,20,1.7,8.1,..,..,..,..,..,..,..,..,..,..,..,..,..,..,..,..,..,..,..
2014,YR2014,Cote d'Ivoire,CIV,..,..,55357,76127,31362,59.1477671125023,3.5,95.5,..,..,38.6,42000,1.4,0.9,31,67,63,..,..,..,..,..,..,5500,30,3.30026660155576,..,..,..,22.3,10.3,32.8,..,..,..,..,..,..,..,..,665,..,..,..,..,..,..,..,..,..,..,..,..,..,64,165,82,9.36885992,50.81174854,71.93484702,88.37029761,187.0199205,4.03773507933155,29.36420852,7.34924624,1.67853849066845,5.71627357,13.4,96,..,99,135.464,..,..,387.87,423.848,37.118,13.548,..,..,68.5,..,52.417,51.5595853658537,50.743,5.001,44.44279,40.72722,..,..,..,42.7249685620059,54.2401677258678,3.03486371212632,84.3652116000164,5.5952329046338,78.7699786953826,2.44243260978919,22157107,49.1022496754653,..,..,..,..,..,..,..,3.05695746214852,61.4,62.9,..,..,50.9,5.6,26.7,..,..,..,..,..,..,..,..,..,..,..,..,..,..,..,..,..,..,..
2014,YR2014,Eritrea,ERI,..,..,5781,7998,3112,64.0350242419857,0.7,48.1,..,..,18.8,2300,0.3,0.2,49,94,96,..,..,..,..,..,..,920,40,2.48241911326822,..,..,..,15.6,7.3,44.5,..,..,..,..,..,..,..,..,524,..,..,..,..,..,..,..,..,..,..,..,..,..,60,78,94,28.47491356,54.24416247,100,25.20042878,51.0405941,1.81082917628413,45.75583753,3.5952381,1.52746400371587,3.33829318,..,..,..,49,55.6712,..,..,227.817,295.398,34.091,6.598,..,..,35,..,65.867,63.6630243902439,61.564,4.284,64.70301,54.69028,..,..,..,42.7852648419589,54.6210857608458,2.59364939719524,83.0794804003754,4.7484398397925,78.3310405605829,2.20836041247992,5110444,49.9280884400651,..,..,..,..,..,..,..,..,85.2,93.1,..,..,89.5,35.9,77.6,..,..,..,..,..,..,..,..,..,..,..,..,..,..,..,..,..,..,..
2014,YR2014,Gabon,GAB,..,..,1885,2630,1218,66.6215192488694,3.9,52.3,..,..,23.8,4000,1.3,0.6,46,70,61,..,..,..,..,..,..,150,82,1.21265886368711,..,..,..,41.8,31.5,43.4,..,..,..,..,..,..,..,..,295,..,..,..,..,..,..,..,..,..,..,..,..,..,75,444,85,0.81898938,21.87124713,69.17143702,321.33009074,599.26416402,1.08689069549383,68.38110054,7.38011364,2.35058092450617,3.43747162,5,20,..,..,102.2,..,..,246.403,244.829,30.166,8.626,..,..,37,..,65.039,64.3833902439024,63.759,3.909,65.23591,63.18569,..,..,..,37.2914065698746,57.553151588015,5.15544184211041,73.7524309977566,8.95770552934236,64.7947254684143,2.23626644664236,1687673,49.4488565024149,..,..,..,..,..,..,..,..,40.1,26.8,..,..,3.9,1.5,1.8,..,..,..,..,..,..,..,..,..,..,..,..,..,..,..,..,..,..,..
2014,YR2014,Ghana,GHA,..,..,38970,55364,25709,60.222960669668,1.5,64,..,..,29,21000,0.6,0.4,33,98,92,..,..,..,..,46.6,48.5,2800,73,1.37308701552827,..,..,..,14.8,8.6,20.2,90.5,52.6,52.3,73.7,..,..,..,11,322,..,41.5,48.6,..,..,2.59999990463257,..,..,18.7999992370605,..,..,4.69999980926514,..,33,165,88,15.37720781,26.84232846,66.84790146,57.89263246,145.36813142,1.42840680532436,59.84566773,6.81968861,2.12888508467564,3.55729189,5,25,..,23,67.5004,..,..,231.044,270.232,32.747,8.948,26.7,..,44.2,..,62.314,61.3116341463415,60.357,4.168,62.93787,57.60046,3.6,..,14.2,38.9144414680804,57.6588262533376,3.42673227858199,73.4339848692489,5.94311834154557,67.4908665277033,2.35007566114568,26786598,50.3122008998679,63.2,79,70.5,29.9,..,..,39.2,..,36.2,53.9,..,..,33.7,6.8,19.3,..,22.2,20.7,..,..,..,..,..,..,..,..,0.699999988079071,..,..,..,..,..,..,..
2014,YR2014,Guinea,GIN,..,..,28094,42802,14270,60.6458961599148,1.6,97,..,..,31.8,..,0.7,0.4,27,51,52,..,..,..,..,..,..,3100,28,3.56012595809203,..,..,..,20,11.8,34.1,..,..,..,..,..,..,..,..,688,..,..,..,..,..,..,..,..,..,..,..,..,..,54,177,80,12.57012842,45.32853909,87.97172701,30.46022073,68.45821523,2.90855314894182,48.47374193,8.99599526,2.73624478105818,5.64479793,16.8,120,..,..,141.6722,..,..,260.487,284.639,36.875,9.944,..,..,62.8,..,59.219,58.7334390243902,58.271,5.013,58.17673,54.80158,..,..,..,42.7412444288543,54.1968503674018,3.061905203744,84.5125672840721,5.64959989923266,78.8629673848394,2.69829437337075,12275527,49.8734759004644,..,..,..,..,..,..,..,..,77.7,80.7,..,..,23.7,0.4,15.2,..,..,..,..,..,..,..,..,..,..,..,..,..,..,..,..,..,..,..
2014,YR2014,Kenya,KEN,..,..,54806,76416,34427,58.3550089795161,5.3,51.3,..,..,22.9,160000,..,..,55,81,79,..,..,..,..,54.3,27,8200,41,2.46034599373976,..,..,..,30.1,29.7,31.2,95.5,65.7,61.4,61.8,..,..,..,11,525,362,45.1,53.8,..,..,4.09999990463257,..,..,26,..,..,4,..,80,246,76,27.54941734,26.10559057,67.37497002,77.69658603,168.9817873,2.21642520223087,61.25328062,12.80118836,3.50386605776913,5.72029126,21.5,140,..,28,91.531,..,..,250.82,295.91,34.636,8.265,58,..,36.6,..,63.388,61.5763658536585,59.851,4.334,63.10888,56.52678,3,..,18.1,42.1251552734876,55.1182436766141,2.75660104989831,81.428132192878,5.00124979683977,76.4268823960383,2.64412139590371,44863583,50.0125324363861,61,78.8,66.9,17.5,..,..,70.7,1.92857142857143,65.7,75.2,..,21,15.3,2.6,12.1,..,53.2,..,..,..,..,..,..,..,..,..,0.899999976158142,..,..,..,..,..,..,..
2014,YR2014,Libya,LBY,..,..,1528,1797,962,..,..,13.9,..,..,7.5,..,..,..,..,94,93,..,..,..,..,..,..,12,4200,0.0239972604528255,..,..,..,96.6,95.7,96.8,..,..,..,..,..,..,..,..,9,..,..,..,..,..,..,..,..,..,..,..,..,..,46,40,..,0.18640847,26.4615227,100,371.72187035,806.22574483,1.3148558709117,73.5384773,4.9278207,3.6540791590883,4.96893503,..,..,..,..,6.2138,..,..,98.554,173.377,20.887,5.33,..,..,11.9,..,74.63,71.7161219512195,68.941,2.467,82.8764,71.93443,..,..,..,29.6702627774731,65.8696363499252,4.46010087260168,51.8150175731365,6.77110292351987,45.0439146496166,-0.111824621865494,6258984,49.5802513634801,..,..,..,..,..,..,..,..,31.7,20.4,..,..,..,..,..,..,..,..,..,..,..,..,..,..,..,..,..,..,..,..,..,..,..,..
2014,YR2014,Lesotho,LSO,..,..,4366,5629,2073,58.4955047999594,23.4,92,..,..,33.4,19000,10.2,5.9,35,96,92,..,..,..,..,..,..,310,58,1.71644254150705,..,..,..,30.2,27.6,37.3,95.2,63.1,66.9,77.9,..,..,..,10.3000001907349,513,..,..,53.4,..,..,7.40000009536743,..,..,33.2000007629395,..,..,2.79999995231628,..,49,852,83,52.24283171,16.48061483,69.01408451,105.11275284,276.04193165,2.53550911727576,76.11992544,13.08214286,8.08216760272424,10.61767672,11.2,75,..,67,92.2794,..,..,598.587,580.548,28.644,14.804,60.2,..,70.5,..,49.823,49.7005853658537,49.584,3.185,31.74133,31.33805,..,..,..,36.318418810571,59.509519499601,4.17206168982792,68.0403418492909,7.01074672575016,61.0295951235407,1.24688597973456,2109197,50.5739388023025,..,..,..,18.4,..,..,..,0.571973307912297,42.4,61.4,..,..,43.4,3.6,32.8,..,59.8,..,..,..,..,..,..,..,..,..,0.600000023841858,..,..,..,..,..,..,..
2014,YR2014,Madagascar,MDG,..,..,29665,40700,16155,45.6679951481546,0.3,51.5,..,..,20.1,4500,0.1,0.2,2,73,64,..,..,..,..,..,..,3000,57,1.76159700735155,..,..,..,11.9,8.7,17.9,..,..,..,..,..,..,..,..,369,..,..,..,..,..,..,..,..,..,..,..,..,..,51,235,78,39.84700596,41.36157061,80.22959243,13.67082999,43.70476778,1.5679404145771,48.44599186,10.18389375,1.4734146054229,3.04135502,32.8,223,..,99,117.494,..,..,198.555,248.119,34.456,6.674,..,..,37,..,66.635,65.0856097560976,63.61,4.409,68.83136,61.89776,..,..,..,42.0410260382858,55.1392298048089,2.81974415690535,81.3590801938962,5.11386206678469,76.2452181271115,2.7838697365537,23571713,50.1545093477084,..,..,..,..,..,..,..,..,69.2,87,..,..,52,18.1,40.3,..,..,..,..,..,..,..,..,..,..,..,..,..,..,..,..,..,..,..
2014,YR2014,Mali,MLI,..,..,54096,83962,27617,59.1524308981082,1.4,118.3,..,..,38.6,18000,0.7,0.5,24,77,80,..,..,..,..,..,..,4500,26,3.87706201248751,..,..,..,24.2,15.8,37.3,..,..,..,..,..,..,..,..,601,..,..,..,..,..,..,..,..,..,..,..,..,..,59,58,85,27.75166902,47.65663004,61.77334276,47.76513899,108.09989826,5.29399438416072,22.85243455,5.64283619,1.56817210583928,6.86216649,5,23,..,..,175.4438,..,..,262.997,258.036,43.52,10.46,..,..,75.9,..,57.786,57.9862682926829,58.177,6.229,56.67842,56.35831,..,..,..,47.5390877993719,49.9033303363416,2.55758186428649,100.387427704752,5.12507250928694,95.2623551954649,2.93342046714661,17086022,49.5346781129042,..,..,..,..,..,..,..,1.04521147301896,80.6,77.7,..,..,15.4,2.1,10.2,..,..,..,..,..,..,..,..,..,..,..,..,..,..,..,..,..,..,..
2014,YR2014,Mauritius,MUS,..,..,171,195,122,29.090011112483,0.9,13.9,..,..,8.7,..,0.2,0.2,29,97,98,..,..,..,..,..,..,8,1300,0.0788878530861701,..,..,..,93.2,92.6,93.9,..,..,..,..,..,..,..,..,54,..,..,..,..,..,..,..,..,..,..,..,..,..,46,22,95,3.83112971,46.4223337,91.32236087,482.45417272,896.1581696,2.4448588943892,49.16652038,9.99251732,2.3646857456108,4.80954464,5,36,..,..,28.5974,..,..,94.759,193.935,10.6,7.7,..,..,12.2,..,77.58,74.1943902439024,70.97,1.43,84.53468,71.36537,..,..,..,19.841127823757,71.0249438933852,9.13392828285775,40.7956649225416,12.8601863824257,27.935478540116,0.181061469451535,1260934,50.5701314948284,..,..,..,..,..,..,..,17.5807663410969,37,22.1,..,..,0.2,0,0.1,..,..,..,..,..,..,..,..,..,..,..,..,..,..,..,..,..,..,..
2014,YR2014,Mozambique,MOZ,..,..,60985,83765,29037,59.9912082937997,10.6,81.2,..,..,27.8,160000,..,..,42,78,85,..,..,..,..,..,..,5400,38,2.65375588654999,..,..,..,20.4,10.1,42.4,..,..,..,..,..,..,..,..,506,..,..,..,..,..,..,..,..,..,..,..,..,..,39,551,83,48.69429651,9.47638768,21.7527622,41.99657338,79.32069416,3.03884708397931,56.43593402,8.8123221,3.93673477602069,6.97558186,26.2,195,..,99,142.5334,..,..,382.24,425.115,39.256,11.452,..,..,58.5,..,56.54,55.0259512195122,53.584,5.359,50.22214,44.37943,..,..,..,45.5146802597093,51.147383279035,3.33793646125576,95.5134233445516,6.52611384446711,88.9873095000845,2.79097018326742,27216276,51.202129931369,..,..,..,..,..,..,..,..,27.3,80.5,..,..,52,13.1,39.6,..,..,..,..,..,..,..,..,..,..,..,..,..,..,..,..,..,..,..
2014,YR2014,Namibia,NAM,..,..,2451,3329,1183,54.2283268186797,16,46.4,..,..,16.1,16000,5,2.9,50,88,83,..,..,..,..,..,..,200,97,1.02767670851581,..,..,..,34,16.6,54.7,..,..,..,..,..,..,..,..,273,..,..,..,..,..,..,..,..,..,..,..,..,..,67,561,85,8.01029726,7.16647066,17.91580095,499.01568382,869.2953558,3.57154996140357,59.99916116,13.85598106,5.35713769859643,8.92868766,42.3,315,..,..,77.4004,..,..,248.948,324.844,29.733,7.099,..,..,33.4,..,67.339,64.6801951219512,62.148,3.522,66.52724,55.85878,..,..,..,36.9197430726244,59.5785934915838,3.50166343579187,67.8455199082977,5.87738519924364,61.9681347090541,2.36947993938036,2402858,51.3675381566451,..,..,..,..,..,..,..,..,31.7,55.7,..,..,73.5,19.9,49,..,..,..,..,..,..,..,..,..,..,..,..,..,..,..,..,..,..,..
2014,YR2014,Niger,NER,..,..,53439,88347,25023,57.4975429400477,0.5,99.6,..,..,27.3,..,0.2,0.1,22,68,72,..,..,..,..,..,..,5400,22,4.54164852908545,..,..,..,10.8,4.6,37.9,..,..,..,..,..,..,..,..,574,..,..,..,..,..,..,..,..,..,..,..,..,..,58,98,81,21.3085425,34.33143379,76.66607902,24.39611462,53.53040204,2.60680539939181,55.21952573,7.56875312,3.21449382060819,5.82129922,9.7,59,..,95,203.604,..,..,203.224,238.634,49.443,9.12,..,..,58.4,..,62.383,61.4584878048781,60.578,7.599,64.52644,59.65675,..,..,..,50.4087637953203,47.0183524637371,2.57288374094264,112.682909459929,5.47208399725825,107.21082546267,4.02943651655582,19113728,49.6096365920871,..,..,..,..,..,..,..,0.459302325581395,87.5,93.4,..,..,86.3,14.3,73,..,..,..,..,..,..,..,..,..,..,..,..,..,..,..,..,..,..,..
2014,YR2014,Nigeria,NGA,..,..,490812,762534,240955,57.9612717319497,3.2,112.5,..,..,35,380000,1.3,0.7,22,66,51,..,..,..,..,25.4,27.3,58000,22,4.58328512020479,..,..,..,29.3,25.9,33,..,..,..,..,..,18.2999992370605,21.2999992370605,19.7999992370605,820,..,..,..,1.79999995231628,1.79999995231628,1.79999995231628,30.7999992370605,34.9000015258789,32.9000015258789,7.09999990463257,8.69999980926514,7.90000009536743,..,15,322,55,6.71756099,71.6687143,95.74393905,117.52054496,216.8711705,2.74626331257142,25.14542956,8.1729178,0.922535127428579,3.66879844,6.7,39,..,80,111.886,..,..,345.529,378.566,39.6,12.922,..,..,71.5,..,53.1,52.7542682926829,52.425,5.65,47.56516,44.35096,..,..,..,44.0711792974628,53.1789050040832,2.74991569845399,88.0444886789635,5.17106491426035,82.8734237647032,2.66048733292991,177475986,49.0890542228062,..,..,..,..,..,..,..,1.35841404460079,63.7,65.3,..,..,33.7,15.2,25,..,..,..,..,..,..,..,..,..,1.70000004768372,2.29999995231628,2,..,..,..,..,..,..,..
2014,YR2014,Rwanda,RWA,..,..,11123,15250,6653,61.0318348979256,2.8,44.3,..,..,19.5,22000,1.3,1,68,99,98,..,..,..,..,..,..,1100,79,1.26323274590957,..,..,..,60.8,61.7,58.7,..,..,..,..,..,..,..,..,304,..,..,..,..,..,..,..,..,..,..,..,..,..,81,63,90,46.18230357,28.13008159,45.44322878,52.48366269,125.06543321,4.66214995954923,38.09840906,9.85551258,2.86940115045077,7.53155111,32.7,247,..,95,27.0462,..,..,177.783,296.351,31.89,7.053,..,..,32.7,..,67.025,63.9656585365854,61.052,3.898,70.18662,57.67526,..,..,..,41.4170151788857,55.836242402269,2.74674241884526,79.0951462663903,4.91928235259192,74.1758639137984,2.35027091048529,11341544,52.1450959410817,..,..,..,..,..,..,..,0.677685950413223,57.6,83,..,..,2.2,0.9,1.8,..,..,..,..,..,..,..,..,..,..,..,..,..,..,..,..,..,..,..
2014,YR2014,Sierra Leone,SLE,..,..,19645,27733,7792,58.8951254350494,1.4,126.4,..,..,35.8,4300,0.4,0.2,20,83,78,..,..,..,..,..,..,3200,16,6.27907844767816,..,..,..,13.1,6.8,22.8,..,..,..,..,..,..,..,..,1410,..,..,..,..,..,..,..,..,..,..,..,..,..,64,310,85,17.11556311,60.95901706,73.43277954,85.90729075,223.74445178,9.20610038363803,16.98664078,10.84294836,1.88380185636197,11.08990224,22.7,169,..,8,119.6006,..,..,398.862,406.904,36.052,13.573,..,..,90.2,..,51.434,50.8787804878049,50.35,4.626,42.20471,40.81562,..,..,..,42.6582665505737,54.6671929802061,2.67454046922024,82.9250681230478,4.8924049752996,78.0326631477482,2.18934116926441,6315627,50.5366767226754,..,..,..,..,..,..,..,..,84.7,84.3,..,..,33.5,8.1,23.5,..,..,..,..,..,..,..,..,..,..,..,..,..,..,..,..,..,..,..
2014,YR2014,Somalia,SOM,..,..,38236,61499,17761,50.9217520016147,0.5,141.2,..,..,40.5,5200,0.2,0.2,5,42,46,..,..,..,..,..,..,3500,21,4.81843710459142,..,..,..,..,..,..,..,..,..,..,..,..,..,..,753,..,..,..,..,..,..,..,..,..,..,..,..,..,45,274,64,..,..,..,..,..,..,..,..,..,..,..,..,..,30,105.2022,..,..,285.297,345.61,43.61,12.035,..,..,87.4,..,57.022,55.3548048780488,53.767,6.463,54.33446,47.78211,..,..,..,46.9038234976162,50.264771260355,2.83140524202883,98.9464937222791,5.63298145208518,93.313512270194,2.39995438413842,10517569,50.2468868994346,..,..,..,..,..,..,..,0.199657729606389,..,..,..,..,..,..,..,..,..,..,..,..,..,..,..,..,..,..,..,..,..,..,..,..,..,..
2014,YR2014,South Sudan,SSD,..,..,26144,39932,17036,58.3465180803008,2.7,95.6,..,..,40.1,19000,1.3,0.7,6,39,22,..,..,..,..,..,..,3600,25,4.07076074553368,..,..,..,6.7,4.5,16.4,..,..,..,..,..,..,..,..,823,..,..,..,..,..,..,..,..,..,..,..,..,..,48,146,64,80.56525468,54.3556251,93.19415815,29.93468686,72.54670305,1.59114650249479,41.67485798,4,1.13691629750521,2.7280628,..,..,..,18,68.3108,..,..,321.028,347.647,36.756,11.587,..,..,62,..,56.681,55.6822195121951,54.731,5.022,52.43793,48.68969,..,..,..,42.4084625004534,54.1360287944507,3.45550870509599,84.7198662829342,6.38301105944845,78.3368552234857,3.91553649421586,11911184,49.9406272289976,..,..,..,..,..,..,..,..,..,..,..,..,79.2,49.8,73.7,..,..,..,..,..,..,..,..,..,..,..,..,..,..,..,..,..,..,..
2014,YR2014,Swaziland,SWZ,..,..,1682,2291,535,59.3738030916621,27.7,62.6,..,..,14.6,19000,15.5,7.2,59,98,86,..,..,..,..,..,..,150,74,1.36036503224013,..,..,..,57.5,56,63.1,98.5,59.6,63.8,88.3,..,..,..,..,400,..,46.4,..,..,..,..,..,..,..,..,..,..,..,60,733,88,21.65834848,10.28669173,42.35450708,247.89642482,586.82287032,2.24703004513832,75.71287582,16.57852892,7.00490949486168,9.25193954,26.5,186,..,43,73.6144,..,..,612.371,575.768,29.747,14.37,66.1,..,45.8,..,48.211,48.9347317073171,49.624,3.266,31.59057,32.20265,..,..,..,37.5920328544683,58.8726605689648,3.53530657656692,69.8581294501847,6.00500562128594,63.8531238288988,1.46612234317163,1269112,50.6031776549272,..,..,..,..,..,..,..,..,23.2,44.4,..,..,17.3,1.4,13.9,..,..,..,..,..,..,..,..,..,..,..,..,..,..,..,..,..,..,..
2014,YR2014,Togo,TGO,26.5,54,13234,19849,6733,58.8693918832667,2.4,80.8,..,..,27.2,12000,0.8,0.5,33,87,82,..,..,..,..,42.8,18.3,960,56,1.78621718382838,..,..,..,11.6,3.1,24.6,72.7,48.5,57.5,44.6,..,15.1999998092651,17.1000003814697,16.2000007629395,378,401,33.4,18.5,2.20000004768372,1.79999995231628,2,26.8999996185303,28.1000003814697,27.5,5.69999980926514,7.59999990463257,6.69999980926514,..,61,58,81,23.43340895,46.24472193,75.13118989,33.89092289,76.25300946,3.22955561024696,38.44803737,7.84732305,2.01732112975304,5.24687674,12.9,96,..,..,91.9554,..,..,256.099,289.03,35.569,8.94,19.9,..,53.6,..,60.399,59.6558048780488,58.948,4.584,59.62252,55.17461,4.1,27.5,16.5,42.4270533226013,54.8152867334171,2.7576599439816,82.4308618256975,5.03082280202769,77.4000390236698,2.65531929954752,7115163,50.6201193142026,..,..,..,33.6,12.7,..,32.3,0.514800514800515,70.1,80.5,..,4.7,74.2,18.3,52.1,..,17.3,21.8,19.5,11.2,17.8,18.9,28.7,9.6,1.39999997615814,1.70000004768372,1.5,..,..,..,..,..,..,..
2014,YR2014,Uganda,UGA,..,..,60673,86880,29841,57.5714878797654,7.3,56.9,..,..,19.2,150000,3.7,2.3,50,78,82,..,..,..,..,..,..,5800,45,2.2400595236332,..,..,..,19,17.3,28.5,..,..,..,..,..,..,..,..,356,..,..,..,..,..,..,..,..,..,..,..,..,..,72,161,85,..,40.95789382,54.56737877,52.29424027,132.58798789,5.42088554260041,24.94069764,10.96659876,1.80125131739959,7.22213686,25.3,167,..,66,114.8464,..,..,282.807,346.127,42.996,9.654,27.2,..,39.1,..,60.276,58.4664146341464,56.743,5.775,58.52054,51.15283,..,..,..,48.3258370550056,49.1755531877046,2.49860975728986,103.35307590399,5.08099979628616,98.2720761077041,3.25376537015281,37782971,50.0266429551027,..,..,..,34.7,..,..,..,..,78.6,85,..,..,8.1,2.2,7.2,..,25.5,..,..,..,..,..,..,..,..,..,..,..,..,..,..,..,..,..
2014,YR2014,Zambia,ZMB,20.2,42.1,26925,39737,13276,51.923152300584,12.4,66.6,..,..,22,100000,4.2,3.3,57,86,85,..,..,..,..,40.6,39.9,1500,76,1.31716217650297,..,..,..,43.7,35.4,55.8,95.7,69.7,72.5,64.2,..,..,..,..,231,398,56.2,64.1,..,..,..,..,..,..,..,..,..,..,59,406,85,38.40390371,29.9948809,67.17537993,85.85307416,194.68451093,2.22667014502519,55.34840155,11.31021411,2.76009454497481,4.98676469,48.4,415,..,..,93.0156,..,..,270.214,331.003,40.052,9.018,49,..,44.7,..,61.956,60.0470487804878,58.229,5.353,60.79817,53.2817,4.5,26.6,28.5,46.0924108073973,50.988627371084,2.91896182151869,96.1221651883703,5.72473112538434,90.397434062986,3.06964015478856,15721343,50.0775538069489,6.7,20.4,11.3,21.1,26.7,..,63.8,..,43.1,52.5,..,..,23,1.3,14.3,..,44.8,31.4,33.5,23.5,29.7,33.1,46.9,28.9,..,..,..,..,..,..,..,..,..,..
2014,YR2014,Tunisia,TUN,..,..,2641,3026,1780,27.3378582202112,0.1,14.6,..,..,8.5,..,0.1,0.1,24,98,98,..,..,..,..,..,..,130,700,0.143176401576153,..,..,..,91.6,79.8,97.4,..,..,..,..,..,..,..,..,63,..,..,..,..,..,..,..,..,..,..,..,..,..,84,33,96,0.29543609,37.72782384,87.06316645,305.305519,785.31749079,3.03504144521602,56.66614784,14.16313675,3.96881649478398,7.00385794,5,4,..,..,6.7968,..,..,73.2,125.658,19.2,6.2,..,..,12.6,..,76.5,74.1439024390244,71.9,2.2,86.66807,78.35838,..,..,..,23.297943586405,69.2151429351292,7.4869134784658,44.4770625616188,10.8168736217882,33.6601889398306,1.00626446006026,10996600,50.5609985270644,..,..,..,..,..,..,..,11.612257888515,41,22.4,..,..,2.1,0,0.7,..,..,..,..,..,..,..,..,..,..,..,..,..,..,..,..,..,..,..
2014,YR2014,Tanzania,TZA,..,..,72398,99367,38684,59.3220326489876,5.3,50.5,..,..,19.3,..,2.1,1.4,43,97,99,..,..,..,..,..,..,8500,43,2.32908162926222,..,..,..,15,8.2,30.3,..,..,41.1,..,..,..,..,..,418,..,..,..,..,..,..,..,..,..,..,..,..,..,36,327,88,35.94477579,23.21186131,43.31707934,51.71747631,137.49307091,2.99015719852347,46.41406654,12.31454992,2.58995871147653,5.58011591,32.1,241,..,88,119.3834,..,..,243.114,281.21,39.015,6.905,..,..,36.2,..,66.418,64.9439024390244,63.54,5.145,66.17164,60.86495,..,..,..,45.2403362616491,51.5665157113532,3.19314802699771,93.9242910258982,6.19228967276276,87.7320013531354,3.15436942789149,51822621,50.3130978265264,..,..,..,..,..,..,..,..,65.8,85.5,..,..,16.5,2,12.1,..,..,..,..,..,..,..,..,..,..,..,..,..,..,..,..,..,..,..
2014,YR2014,Sudan,SDN,..,..,61939,90971,38788,46.8777520634075,0.2,72.2,..,..,30.4,4300,0.2,0.1,7,94,86,..,..,..,..,..,..,4200,69,1.44250853329963,..,..,..,23.6,13.4,43.9,79.1,48.3,55.4,..,..,..,..,33,318,..,59.3,..,..,..,3,..,..,38.2000007629395,..,..,16.2999992370605,..,52,94,74,2.64004541,75.51893485,96.0598295,129.84387706,281.64049938,6.6264128459977,21.38343859,11.64949118,1.8023618640023,8.42877471,..,..,..,99,76.022,..,..,197.217,254.308,33.054,7.762,12.2,..,48.8,..,65.011,63.4585365853658,61.98,4.353,67.01831,60.37375,..,..,..,40.8548057378203,55.854170164101,3.2910240980787,79.0376612994113,5.89217257800016,73.1454887214111,2.1452695617024,39350274,49.8065375605771,..,..,..,..,..,..,..,2.66836086404066,77.1,65.2,..,86.6,59.2,20.4,46.1,..,..,..,..,..,..,..,..,..,..,..,4.5,..,..,..,..,..,..,..
2014,YR2014,South Africa,ZAF,..,..,36088,44141,11627,59.6381185117247,18.9,41.4,..,..,11.1,340000,8.1,4,45,70,70,..,..,..,..,..,..,1600,290,0.341525550747502,..,..,..,65.8,59.5,69.3,..,..,..,..,..,..,..,..,140,..,..,..,..,..,..,..,..,..,..,..,..,..,68,834,80,1.83996359,6.49122387,12.53991208,570.20607359,1148.37249844,4.55371582998157,48.23549139,14.22850541,4.24326873001843,8.79698456,5,16,..,..,46.5808,..,..,419.051,464.093,20.657,12.461,..,..,34.4,..,59.298,57.1821219512195,55.167,2.363,48.60888,40.3124,..,..,..,29.5261410363057,65.4458256763218,5.02803328737243,52.7981334628713,7.68274052442497,45.1153929384463,1.57611957984501,54001953,50.8537336970924,..,..,..,..,..,..,..,11.5310544053924,25.5,50.1,..,..,8.7,1.5,4.1,..,..,..,..,..,..,..,..,..,..,..,..,..,..,..,..,..,..,..
2014,YR2014,Senegal,SEN,..,..,23936,27779,12192,42.6574641872936,0.5,49.7,..,..,21.5,3700,0.1,0.1,38,89,80,..,..,..,..,43.2,6.7,1800,59,1.70004574808336,..,..,..,47.1,33.3,65.1,96.2,42.2,33,59.1,..,11.8000001907349,13.8000001907349,12.8000001907349,323,..,48.6,22.6,0.899999976158142,1.70000004768372,1.29999995231628,17.7999992370605,20.8999996185303,19.3999996185303,5.30000019073486,6,5.69999980926514,..,66,138,91,20.63302603,37.2844126,77.4052102,49.53139304,106.93550431,2.24701594033546,51.83216672,8.03667306,2.41795606966454,4.66497201,10.6,71,..,89,80.2572,..,..,159.561,227.167,38.085,6.205,22.2,..,42.3,..,68.322,66.3725853658537,64.516,5.09,73.36031,64.34129,4.5,29.4,17.6,43.794929540911,53.2455726701215,2.95949778896753,87.8090421142461,5.5582044488522,82.2508376653939,3.12562498146785,14672557,50.9294801172011,62.5,87.1,72.7,25.6,..,..,42.6,..,49,60.1,..,24.7,24.9,1,14.5,..,20.3,32.3,46.3,20.1,40.9,43.3,57.2,43.3,0.800000011920929,0.699999988079071,0.699999988079071,..,..,..,..,..,..,..
2014,YR2014,Morocco,MAR,..,..,17823,20579,13240,30.3045378629047,0.1,28.6,..,..,18.2,1000,0.1,0.1,25,99,99,..,..,..,..,..,..,890,310,0.327363391299408,..,..,..,76.6,65.5,84.1,..,..,..,..,..,..,..,..,126,..,..,..,..,..,..,..,..,..,..,..,..,..,83,106,88,1.60611462,58.4108695,88.33552092,190.05396963,446.63974242,3.90645178380727,33.87612493,6.03489204,2.00132627619273,5.90777806,5,34,..,..,32.0718,..,..,87.358,105.715,20.75,5.703,..,..,24.6,..,75.062,74.0160975609756,73.02,2.515,83.90813,80.03018,..,..,..,27.3273828171719,66.5934371490304,6.07918003379773,50.1649476001796,9.12879751227296,41.0361500879067,1.39081937925812,33921203,50.6252593694864,..,..,..,..,..,..,..,..,51.2,43.5,..,..,22.8,0,9.2,..,..,..,..,..,..,..,..,..,..,..,..,..,..,..,..,..,..,..
2014,YR2014,Mauritania,MRT,..,..,8546,11271,4715,53.5125574814291,0.7,87.5,..,..,36.3,1800,0.4,0.2,14,84,84,..,..,..,..,..,..,830,34,2.90765622195634,..,..,..,39.7,13.8,57.5,..,..,..,..,..,..,..,..,629,..,..,..,..,..,..,..,..,..,..,..,..,..,55,111,80,11.88880113,43.84633918,86.98561279,48.83750877,148.10751933,1.90168277734101,49.59357327,6.01028983,1.87101626265899,3.77269904,5.8,41,..,89,79.3816,..,..,182.708,228.158,33.399,7.947,..,..,66.1,..,64.546,63.0165853658537,61.56,4.603,67.98721,61.23624,..,..,..,40.2583115533583,56.5479106968542,3.19377774978744,76.8411931894117,5.64791468054207,71.1932785088696,2.47238250937251,3969625,49.690285606323,..,..,..,..,..,..,..,..,57.3,68.6,..,..,69,11.6,35,..,..,..,..,..,..,..,..,..,..,..,..,..,..,..,..,..,..,..
2014,YR2014,Malawi,MWI,..,..,27902,41189,13885,59.7307808001375,10,66.9,..,..,22.4,130000,4.1,2.4,50,91,85,..,..,..,..,65.5,39.1,4200,28,3.52429916716766,..,..,..,40.6,39.3,47.3,96.1,68.2,70.2,87.4,..,..,..,16.7000007629395,638,570,48.5,63.5,..,..,5.09999990463257,..,..,42.4000015258789,..,..,3.79999995231628,..,43,227,89,87.76618429,12.65100691,33.93030893,24.39483667,78.58614656,3.5663102853223,62.71473113,16.76806522,5.9986208346777,9.56493112,20.8,139,..,41,136.972,..,..,262.173,279.359,38.98,7.885,58.6,..,45.1,..,63.745,62.7216341463415,61.747,5.129,64.15915,59.90604,..,..,36.2,45.3608998917237,51.2239497059433,3.41515040233292,95.2211818379115,6.66709697697653,88.5540848609349,3.07228772774889,16695253,50.1077761445125,..,..,..,19.4,..,..,..,0.470854690666349,57,91.8,..,..,5.9,1.4,5.1,..,57.4,46.3,..,..,..,..,..,..,..,..,1.10000002384186,..,..,..,..,..,..,..
2014,YR2014,Liberia,LBR,..,..,8167,10842,3692,58.5731394354149,1.2,72.9,..,..,24.7,3900,0.4,0.3,21,50,58,..,..,..,..,..,..,1100,27,3.6794075197764,..,..,..,16.6,5.8,27.8,..,..,..,..,..,..,..,..,741,..,..,..,..,..,..,..,..,..,..,..,..,..,20,308,89,49.06750087,30.73108127,44.8485279,46.27042196,98.28589164,6.87709024423443,31.47806024,11.86425744,3.15924303576557,10.03633328,32.5,269,..,0,110.5554,..,..,230.704,269.178,35.051,8.684,..,..,54.7,..,61.846,60.8344146341464,59.871,4.719,62.48589,57.20826,..,..,..,42.6117363735325,54.3678298958684,3.020433730599,83.9323000228841,5.55555323135776,78.3767467915263,2.36740833674657,4396554,49.6195201969543,..,..,..,..,..,..,..,..,59.7,85.6,..,..,68,26.9,47.7,..,..,..,..,..,..,..,..,..,..,..,..,..,..,..,..,..,..,..
2014,YR2014,Guinea-Bissau,GNB,..,..,3977,6028,2608,58.5811984368215,3.7,96.2,..,..,40.6,5300,1.5,0.8,19,80,69,..,..,..,..,80.6,28,370,37,2.67563512029059,..,..,..,20.7,8.5,33.5,92.4,34.3,52.5,45,..,..,..,17,553,900,54.6,..,..,..,2.29999995231628,..,..,27.6000003814697,..,..,6,..,34,369,80,60.79119138,49.48848372,62.22908059,37.27708811,90.95910835,4.44801505314136,20.47370256,7.78711165,1.14512230685864,5.59313736,22,157,..,98,91.3858,..,..,252.027,306.497,37.097,12.106,16,..,62.4,..,56.985,55.1600487804878,53.422,4.835,56.31541,49.13631,..,..,..,40.9783767181909,55.8739092691916,3.14771401261751,78.9744109691983,5.63360261307712,73.3408083561212,2.4385275205738,1800513,50.3608138347238,..,..,..,..,..,..,..,..,68.6,67.8,..,44.9,32.7,1.6,17.6,..,..,..,..,..,..,..,..,..,..,..,1.39999997615814,..,..,..,..,..,..,..
2014,YR2014,"Gambia, The",GMB,..,..,3901,5573,2477,61.1077026047186,1.8,71.1,..,..,30.7,2400,0.7,0.4,23,96,96,..,..,..,..,..,..,580,24,4.22816646865,..,..,..,58.8,55,61.5,..,..,..,..,..,..,..,..,719,..,..,..,..,..,..,..,..,..,..,..,..,..,76,174,92,64.88030631,17.04867598,54.5340575,30.72368182,118.42800642,2.29478824535501,68.73756188,15.31002479,5.04561251464499,7.34040076,5.4,34,..,27,113.5836,..,..,237.353,290.912,42.138,8.729,..,..,48.6,..,61.617,60.2284390243902,58.906,5.717,61.87848,55.04071,..,..,..,46.3185632618176,51.345528811571,2.33590792661139,94.7589250993642,4.54938916917918,90.209535930185,3.23199269159545,1928201,50.4959804501709,..,..,..,..,..,..,..,1.81535269709544,51.9,77.1,..,..,4.3,0.1,1.8,..,..,..,..,..,..,..,..,..,..,..,..,..,..,..,..,..,..,..
2014,YR2014,Equatorial Guinea,GNQ,..,..,1968,2701,946,55.9936086699781,6.2,97.4,..,..,33.7,2900,2.5,1.3,27,24,44,..,..,..,..,..,..,100,59,1.69890903732035,..,..,..,74.5,71,79.9,..,..,..,..,..,..,..,..,351,..,..,..,..,..,..,..,..,..,..,..,..,..,88,162,70,0.31716327,20.14595434,87.9499248,663.05422937,1163.41614673,0.871368597667118,77.09383563,6.95716349,2.93271044233288,3.80407904,..,..,..,..,109.7974,..,..,285.542,325.925,35.007,10.764,..,..,70.3,..,59.031,57.6470487804878,56.329,4.835,56.87373,51.52071,..,..,..,39.4239144338123,57.713930696748,2.86215486943969,73.2683925574916,4.95920973478412,68.3091828227075,2.94254672400063,820885,48.7339883174866,..,..,..,..,..,..,..,..,74.1,55.2,..,..,5.1,3.4,4.4,..,..,..,..,..,..,..,..,..,..,..,..,..,..,..,..,..,..,..
2014,YR2014,Djibouti,DJI,..,..,1220,1469,752,56.3484813884448,1.6,67.4,..,..,34.2,1100,0.8,0.5,16,78,71,..,..,..,..,..,..,52,140,0.732466845920589,..,..,..,47.4,5.1,59.8,..,..,..,..,..,..,..,..,237,..,..,..,..,..,..,..,..,..,..,..,..,..,41,619,80,9.93944292,35.8414004,99.22466925,190.76010741,337.95886138,3.8174085328456,63.87853881,14.13973888,6.7508475871544,10.56825612,17.3,143,..,..,21.8254,..,..,230.458,276.791,25.105,8.606,..,..,55.8,..,63.674,62.015512195122,60.436,3.195,63.91686,57.75955,..,..,..,33.0033760417451,62.8861390545714,4.11048490368352,59.0175537938845,6.53639254290443,52.48116125098,1.33509343245264,876174,49.7784686603346,..,..,..,..,..,..,..,..,61.5,62.2,..,..,75.6,3.7,20.1,..,..,..,..,..,..,..,..,..,..,..,..,..,..,..,..,..,..,..
2014,YR2014,"Congo, Dem. Rep.",ZAR,12.3,24.3,234269,308095,93669,59.0947989215327,1,101.7,..,..,30.6,59000,0.5,0.3,23,80,77,..,..,..,..,55.8,29.2,23000,23,4.28305434487846,..,..,..,28.3,28.1,28.6,88.4,41.6,47.6,80.1,..,..,..,..,717,850,39.9,39.1,..,..,..,..,..,..,..,..,..,..,48,325,82,70.16525046,57.35033933,61.2910366,11.63902687,19.71863754,2.4739293296532,6.42948381,1.17586937,0.169990390346797,2.64391972,..,..,..,99,122.9484,..,..,241.183,289.696,41.96,10.314,20.4,..,76.5,..,60.142,58.6591951219512,57.247,6.006,59.68454,53.91277,5.7,24.9,27.2,46.1646622468867,50.8736497694954,2.96168798361794,96.5654134371965,5.82165422971837,90.7437592074781,3.15317544960179,74877030,50.1433042950555,22.3,30,24.6,27.7,36.8,..,16.3,..,73.8,90.6,..,..,16,2.6,10.4,..,7.8,37.3,57.7,24.4,49.1,51.4,74.8,43.5,..,..,..,..,..,..,..,..,..,..
2014,YR2014,Chad,TCD,..,..,51181,83343,23606,58.8498378540902,2.5,142.9,..,..,39.9,29000,1,0.6,23,46,54,..,..,..,..,..,..,5400,17,5.74455749737045,..,..,..,12,6.5,31.4,..,..,0.3,..,..,..,..,..,881,..,..,..,..,..,..,..,..,..,..,..,..,..,55,159,60,19.43412386,39.15064491,86.32912706,37.10492956,79.01538673,1.64221423802159,54.64955311,8.96652448,1.97895016197841,3.6211644,36.1,288,..,96,137.173,..,..,345.727,387.931,45.264,14.065,..,..,86.7,..,52.656,51.5558048780488,50.508,6.156,47.50101,42.87282,..,..,..,47.9839815153441,49.5538068483283,2.4622116363276,101.80084308371,4.96876384061434,96.8320792430961,3.3015950889173,13587053,49.9454959070227,..,..,..,..,..,..,..,..,75.1,75.3,..,..,79,13.9,64.5,..,..,..,..,..,..,..,..,..,..,..,..,..,..,..,..,..,..,..
2014,YR2014,Cameroon,CMR,..,..,47365,72574,21118,58.6671404358677,4.8,90.6,..,..,26.1,58000,2.1,1.2,22,87,80,..,..,..,..,54.8,38.2,5100,33,2.98936840115219,..,..,..,45.6,26.8,61.8,82.8,28.1,28.2,64.7,..,..,..,..,609,..,39.3,..,..,..,..,..,..,..,..,..,..,..,52,220,85,11.09288393,66.3124521,85.97828356,58.6522027,121.9234186,3.1650378885995,22.87302171,4.26453239,0.9386336914005,4.10367158,10.2,66,..,96,106.853,..,..,344.961,370.204,36.736,11.462,34.4,..,58.6,..,56.679,55.492756097561,54.363,4.704,51.30452,47.28037,..,..,..,42.7602775811757,54.0211980724203,3.21852434640405,85.1125179895881,5.95789145973645,79.1546265298516,2.49811030629492,22773014,50.0048566254779,..,..,..,..,..,..,..,..,64,57,..,..,11.7,0.8,5.8,..,..,..,..,..,..,..,..,..,..,..,..,..,..,..,..,..,..,..
2014,YR2014,Burkina Faso,BFA,..,..,42048,62096,18403,59.9258275912932,0.9,92.4,..,..,27.2,13000,0.5,0.4,43,91,88,..,..,..,..,75.3,49.2,2700,47,2.14895018604794,..,..,..,19.4,6.7,50.4,..,..,50.1,..,..,..,..,..,379,..,..,..,..,..,..,..,..,..,..,..,..,..,59,54,89,25.33642174,39.09089363,81.94311096,35.19599866,82.30537688,2.36628949058281,52.29508232,11.15812496,2.59397373941719,4.96026323,20.7,167,..,98,109.9036,..,..,249.536,278.968,40.025,9.56,17,..,62.2,..,59.934,58.5884634146341,57.307,5.521,59.42981,54.17676,..,11.8,26.8,45.7938161819544,51.7953348413043,2.4108489767413,93.067580905481,4.65456779867896,88.4130131068021,2.91101831662217,17589198,50.4028608922362,..,..,..,35.7,..,..,..,0.597049199150353,71,83.1,..,..,74.7,9.1,55.7,..,17,..,..,..,..,..,..,..,..,..,..,..,..,..,..,..,..,..
2014,YR2014,Cabo Verde,CPV,..,..,235,277,138,26.1734535281318,1.1,25.2,..,..,12.6,..,0.3,0.8,36,95,93,..,..,..,..,..,..,5,850,0.117173145054218,..,..,..,72,54.3,81.6,..,..,..,..,..,..,..,..,44,..,..,..,..,..,..,..,..,..,..,..,..,..,39,138,92,23.61409717,22.24205073,88.04000772,173.30567196,310.12388301,1.20246921741011,74.73642802,11.72759401,3.55722675258989,4.75969597,10,77,..,..,73.6546,..,..,97.265,137.063,21.388,5.411,..,..,21.3,..,75.016,73.147,71.367,2.303,83.32061,76.47412,..,..,..,29.971045288438,65.3024093900441,4.72654532151794,53.1337066029387,7.23793404510821,45.8957725578305,1.30206194557833,513906,50.6787233462929,..,..,..,..,..,..,..,..,25.2,32.1,..,..,40.1,15.4,24.1,..,..,..,..,..,..,..,..,..,..,..,..,..,..,..,..,..,..,..
2014,YR2014,Botswana,BWA,..,..,2042,2537,1290,56.7223317689703,25.2,44.8,..,..,22.4,16000,8.9,5.7,62,95,97,..,..,..,..,..,..,74,250,0.396528220244914,..,..,..,63.3,43.1,78.5,..,..,..,..,..,..,..,..,134,..,..,..,..,..,..,..,..,..,..,..,..,..,70,385,92,10.09390604,5.18847059,12.65938708,385.31409704,870.83699002,2.2181181651861,59.01483571,8.83910109,3.1938844548139,5.41200262,24.8,191,..,70,33.6482,..,..,262.246,345.54,24.972,7.462,..,..,35.6,..,66.834,64.429243902439,62.139,2.836,65.0462,54.43318,..,..,..,32.1980758913429,64.2671391125064,3.53478499615079,55.6005158794132,5.50014368923873,50.1003721901745,1.97561405709693,2219937,50.036870415692,..,..,..,..,..,..,..,3.72731731240804,27.3,50,..,..,33.6,0,14.4,..,..,..,..,..,..,..,..,..,..,..,..,..,..,..,..,..,..,..
2014,YR2014,Angola,AGO,..,..,105154,171585,53041,58.6264668925026,2.4,162.2,..,..,49.6,32000,1.1,0.6,25,80,85,..,..,..,..,..,..,5400,31,3.23117354674841,..,..,..,51.1,22.5,88.6,..,..,..,..,..,..,..,..,493,..,..,..,..,..,..,..,..,..,..,..,..,..,60,370,78,2.63035475,23.96154759,67.03526826,179.35785371,239.01023293,1.18207073517153,64.25531186,5.0042944,2.12491219482846,3.30698293,15.3,104,..,6,166.6028,..,..,320.788,369.298,45.483,13.72,..,..,98.8,..,53.805,52.2668780487805,50.802,6.08,49.66728,43.90808,..,..,..,47.8503168544999,49.8410898282466,2.30859331725355,100.637667323492,4.63190777972354,96.0057595437681,3.26955240572046,24227524,50.3928218170375,..,..,..,..,..,..,..,..,51.4,55.5,..,..,53.8,0.5,30.7,..,..,..,..,..,..,..,..,..,..,..,..,..,..,..,..,..,..,..
2014,YR2014,"Egypt, Arab Rep.",EGY,..,..,57588,66378,36401,28.5881116431157,0.1,24.8,..,..,13.3,500,0.1,0.1,19,94,93,..,..,..,..,..,..,850,770,0.129079366936436,..,..,..,94.7,93.1,96.8,90.3,67.7,39.7,91.5,..,..,7.69999980926514,7,34,..,21.9,28.4,..,16.3999996185303,15.6999998092651,..,23.6000003814697,22.2999992370605,..,9.39999961853027,9.5,..,54,15,86,1.25582851,55.66365484,90.07313306,177.76836063,594.11025159,3.48673054907778,38.20171127,5.58768476,2.15538450092222,5.64211505,5,12,..,..,52.4352,..,..,113.049,189.346,27.797,6.129,58.5,..,21,..,73.36,71.1217073170732,68.99,3.338,80.00903,69.88981,2.8,12.9,..,32.9823697720699,61.8467281694608,5.17090205846929,61.6900407827538,8.36083364717526,53.3292071355785,2.2188633037184,89579670,49.4766401796301,99.3,99.7,99.4,12.6,14,..,80,50.0831705274909,52.8,37.2,..,..,0,0,0,..,56.9,17.4,12.8,7,25.5,24.1,35.7,19.9,..,4.80000019073486,4.80000019073486,..,..,..,..,..,..,..
2014,YR2014,Zimbabwe,ZWE,..,..,25775,38529,12970,59.2026939788774,16.7,72.3,..,..,23.9,150000,7,4.8,51,91,92,..,..,..,..,26.8,3,2200,56,1.78696700976917,..,..,..,37,31,49.4,93.7,58.6,41,80,..,9.80000019073486,12.5,11.1999998092651,401,610,56.4,43.4,..,..,3.59999990463257,24.1000003814697,31.1000003814697,27.6000003814697,2.90000009536743,3.70000004768372,3.29999995231628,..,70,278,75,..,35.94063503,58.25323093,57.71045218,114.60850655,3.97297592141518,38.30276114,8.48665324,2.46649526858482,6.43947119,34,259,..,32,110.4018,..,..,381.697,413.047,35.189,9.819,66.9,..,47.6,..,58.892,57.4983170731707,56.171,3.923,51.82652,47.03236,..,..,..,41.583794414941,55.4150357588997,3.00116982615931,80.4564386371255,5.41580418573909,75.0406344513864,2.30745117689618,15245855,50.7123018026867,..,..,..,10.4,..,..,..,1.30830878827317,..,..,..,..,40.4,1.5,27.7,..,66.3,33.5,..,..,..,..,..,..,..,..,0.699999988079071,..,..,..,..,..,..,..
,,,,,,,,,,,,,,,,,,,,,,,,,,,,,,,,,,,,,,,,,,,,,,,,,,,,,,,,,,,,,,,,,,,,,,,,,,,,,,,,,,,,,,,,,,,,,,,,,,,,,,,,,,,,,,,,,,,,,,,,,,,,,,,,,,,,,,,,,
,,,,,,,,,,,,,,,,,,,,,,,,,,,,,,,,,,,,,,,,,,,,,,,,,,,,,,,,,,,,,,,,,,,,,,,,,,,,,,,,,,,,,,,,,,,,,,,,,,,,,,,,,,,,,,,,,,,,,,,,,,,,,,,,,,,,,,,,,
,,,,,,,,,,,,,,,,,,,,,,,,,,,,,,,,,,,,,,,,,,,,,,,,,,,,,,,,,,,,,,,,,,,,,,,,,,,,,,,,,,,,,,,,,,,,,,,,,,,,,,,,,,,,,,,,,,,,,,,,,,,,,,,,,,,,,,,,,
Data from database: World Development Indicators,,,,,,,,,,,,,,,,,,,,,,,,,,,,,,,,,,,,,,,,,,,,,,,,,,,,,,,,,,,,,,,,,,,,,,,,,,,,,,,,,,,,,,,,,,,,,,,,,,,,,,,,,,,,,,,,,,,,,,,,,,,,,,,,,,,,,,,,,
Last Updated: 05/02/2016,,,,,,,,,,,,,,,,,,,,,,,,,,,,,,,,,,,,,,,,,,,,,,,,,,,,,,,,,,,,,,,,,,,,,,,,,,,,,,,,,,,,,,,,,,,,,,,,,,,,,,,,,,,,,,,,,,,,,,,,,,,,,,,,,,,,,,,,,
