club,city,state/province,country,federation
1863 Boat Club,Boston,Massachusetts,US,USA
1927 Cambridge,London,London,GB,GBR
1927 Oxford,London,London,GB,GBR
1980 Rowing Club,Cambridge,Massachusetts,US,USA
612endurance Racing,Minneapolis,Minnesota,US,USA
87 Gold Rowing Club,Boston,Massachusetts,US,USA
A.a.s.r. Skoll,Amsterdam,,NL,NED
A.u.s.r. Orca,Utrecht,Utrecht,NL,NED
Aberdeen Boat Club,Aberdeen,Scotland,GB,GBR
Advanced Community Rowing Association Inc.,Nyack,New York,US,USA
Adventure Out!,Pittsford,New York,US,USA
Aging Aggies Rowing Program,New York,New York,US,USA
Akamai,Cambridge,Massachusetts,US,USA
Albany Rowing Center,Albany,New York,US,USA
Alexandria Community Rowing,Alexandria,Virginia,US,USA
"All-American Rowing Camp, Llc",Oak Ridge,Tennessee,US,USA
Alumni Of Rutgers Rowing,Rutherford,New Jersey,US,USA
Ambience Rowing,Edgewater,New Jersey,US,USA
American University Crew Team,Washington,D.C.,US,USA
Amherst College Alumni Rowing Association,Amherst,Massachusetts,US,USA
Amherst College Rowing Association,Amherst,Massachusetts,US,USA
Amoskeag Rowing Club,Hooksett,New Hampshire,US,USA
Ana Rowing Club,Perth,Washington,AU,AUS
Ancient Mariners Rowing Club,Seattle,Washington,US,USA
Ann Arbor Huron High School,Ann Arbor,Michigan,US,USA
Ann Arbor Rowing Club,Ann Arbor,Michigan,US,USA
Annapolis Junior Rowing Association,Annapolis,Maryland,US,USA
Anthony Wayne High School Crew,Whitehouse,Ohio,US,USA
Archbishop Carroll High School,Radnor,Pennsylvania,US,USA
Argonaut Rowing Club,Toronto,Ontario,CA,CAN
Argonauten Ruderclub Meppen,Meppen,,DE,GER
Arlington Rowing Association - Arlington H.s.,Pleasant Valley,New York,US,USA
Arlington-Belmont Crew,Arlington,Massachusetts,US,USA
Army Rowing Club,Reading,,GB,GBR
Atlanta Junior Rowing Association,Roswell,Georgia,US,USA
Atlanta Rowing Club,Atlanta,Georgia,US,USA
Atomic Rowing,Oak Ridge,Tennessee,US,USA
Austin Rowing Club,Austin,Texas,US,USA
Avalon Rowing Club,Washington,D.C.,US,USA
Aviron Bayonnais,BAYONNE,Aquitaine,FR,FRA
Avon High School,Avon,Connecticut,US,USA
Bainbridge Island Rowing,Bainbridge Island,Washington,US,USA
Bair Island Aquatic Center,Palo Alto,California,US,USA
Baldwin School Crew,Bryn Mawr,Pennsylvania,US,USA
Baltimore Rowing Club,Baltimore,Maryland,US,USA
Bare Hill Rowing Association,Harvard,Massachusetts,US,USA
Barry University,Miami,Florida,US,USA
Bates College,Lewiston,Maine,US,USA
B-Cc High School/Crew Boosters,Bethesda,Maryland,US,USA
Beat Cancer Boat Club,Los Gatos,California,US,USA
Bedford Crew Club,Bedford,New Hampshire,US,USA
Belen Jesuit Prep. School,Miami,Florida,US,USA
Belmont Hill School,Belmont,Massachusetts,US,USA
Belvoir Ruderclub Zurich,Zurich,,CH,SUI
Bergen County Rowing Academy,Teaneck,New Jersey,US,USA
Berkeley Paddling And Rowing Club,Berkeley,California,US,USA
Berkshire School,suffield,Massachusetts,US,USA
"Berkshire Sculling Association, Inc.",Pittsfield,Massachusetts,US,USA
Binghamton University Crew,Binghamton,New York,US,USA
Bishop Eustace Prep,Pennsauken,New Jersey,US,USA
Bishops Diocesan College,Cape Town,WC,ZA,RSA
Black Prince Boat Club,Cambridge,Cambridgeshire,GB,GBR
Blue Cheese Rowing Club,Santa Barbara,California,US,USA
Blue Goose Boat Club,Lewiston,Maine,US,USA
Bma Boat Club,New York,New York,US,USA
Bny Mellon,London,,GB,GBR
Bonner Rowing Association - Bonner & Prendergast C,Drexel Hill,Pennsylvania,US,USA
Boola Boola Boat Club,New Haven,Connecticut,US,USA
Boston College,Chestnut Hill,Massachusetts,US,USA
Boston College Alumni,Chestnut Hill,Massachusetts,US,USA
Boston College High School,Boston,Massachusetts,US,USA
Boston Latin School,Boston,Massachusetts,US,USA
Boston University Mens Crew,Boston,Massachusetts,US,USA
Boston University Womens Crew,Boston,Massachusetts,US,USA
Boulder Community Rowing,Boulder,Colorado,US,USA
Bowdoin College,North Yarmouth,Maine,US,USA
Branksome Hall,Toronto,Ontario,CA,CAN
Brattleboro Row-Boc,Brattleboro,Vermont,US,USA
Brigantine Rowing Club,Brigantine,New Jersey,US,USA
Brighton Rowing Club,Rochester,New York,US,USA
Brock University,St. Catharines,Ontario,CA,CAN
Brockville Rowing Club,Brockville,Ontario,CA,CAN
Bromfield Acton Boxborough Rowing,Harvard,Massachusetts,US,USA
Brooks School Crew,North Andover,Massachusetts,US,USA
Brophy College Prep Crew,Phoenix,Arizona,US,USA
Brown University Alumni,Riverside,Connecticut,US,USA
Brown University Crew,Providence,Rhode Island,US,USA
Brown University Masters Alumni,Providence,Rhode Island,US,USA
Brown University Womens Crew,Providence,Rhode Island,US,USA
Brunswick School Boat Club,Greenwich,Connecticut,US,USA
Bryant University Rowing,Smithfield,Rhode Island,US,USA
Bryn Mawr College,Byrn Mawr,Pennsylvania,US,USA
Buckingham Browne & Nichols,Cambridge,Massachusetts,US,USA
Bucknell Crew Alumni Association,Lewisburg,Pennsylvania,US,USA
Bucknell University,Lewisburg,Pennsylvania,US,USA
Bulldog Rowing Club,Southborough,Massachusetts,US,USA
Burnaby Lake Rowing Club,Burnaby,British Columbia,CA,CAN
Burnt Hills Rowing Association,Burnt Hills,New York,US,USA
Butte Boat Club,Hadley,Massachusetts,US,USA
California Maritime Academy,Vallejo,California,US,USA
California Rowing Club,Berkley,California,US,USA
California Yacht Club,Los Angeles,California,US,USA
Calm Waters Rowing,Alexandria,Virginia,US,USA
Cambridge Boat Club,Cambridge,Massachusetts,US,USA
Cambridge Composite,Cambridge,Massachusetts,US,USA
Cambridge Rindge & Latin School,Cambridge,Massachusetts,US,USA
Cambridge University Boat Club,Cambridge,Cambridges,GB,GBR
Camp Randall Rowing Club,Madison,Wisconsin,US,USA
Canisius College,Buffalo,New York,US,USA
Canisius High School,Buffalo,New York,US,USA
Canottieri Roma,Rome,,IT,ITA
Capital City Rowing,Tallahassee,Florida,US,USA
Capital Rowing Club,Washington,D.C.,US,USA
Cardinal Crew,Middletown,Connecticut,US,USA
Carleton University,Ottawa,Ontario,CA,CAN
Carnegie Lake Rowing Association,Princeton,New Jersey,US,USA
Carolina Masters Crew Club,Chapel Hill,North Carolina,US,USA
"Cascadilla Boat Club, Ltd.",Ithaca,New York,US,USA
Case Crew,Cleveland,Ohio,US,USA
Castle Semple Rowing Club,Glasgow,Scotland,GB,GBR
Catawba Yacht Club,Charlotte,North Carolina,US,USA
Catholic University Of America,Washington,D.C.,US,USA
"Cazenovia Rowing Club, Inc.",Cazenovia,New York,US,USA
Central Catholic Crew (pittsburgh),Pittsburgh,Pennsylvania,US,USA
Central Connecticut Rowing,Middletown,Connecticut,US,USA
Central Pennsylvania Rowing Association,Shamokin Dam,Pennsylvania,US,USA
Chaminade High School,Mineola,New York,US,USA
Chaos Rowing,Apex,North Carolina,US,USA
Chestnut Hill Rowing Association,Chestnut Hill,Massachusetts,US,USA
China Rowing Master Union,beijing,,CN,CHN
Chinook Performance Racing,Millington,Maryland,US,USA
Choate Rosemary Hall,Guilford,Connecticut,US,USA
"Christ Church Boat Club, Oxford University",Oxford,Oxfordshir,GB,GBR
Christian Brothers Academy,Lincroft,New Jersey,US,USA
Christ's College Boat Club,Cambridge,Cambridgeshire,GB,GBR
Cincinnati Rowing Club,Cincinnati,Ohio,US,USA
City Honors School,Buffalo,New York,US,USA
City Island Rowing,Bronx,New York,US,USA
Clark University Crew,Worcester,Massachusetts,US,USA
Clarkson University,Potsdam,New York,US,USA
Clemson University Rowing Association,Clemson,South Carolina,US,USA
Clemson University-Women,Clemson,South Carolina,US,USA
Cleveland Scholastic Rowing Association,Cleveland,Ohio,US,USA
Clinton Rowing Club,Clinton,Tennessee,US,USA
Club Atletico Rosario Central,Rosario,Santa Fe,AR,ARG
Club D'aviron De Boucherville,Boucherville,Quebec,CA,CAN
Club España,Mexico City,DF,MX,MEX
Club Espana Ac,Mexico City,Mexico City,MX,MEX
Colby College Crew,Waterville,Maine,US,USA
Colgate University Rowing,Hamilton,New York,US,USA
Colgate University Rowing Alumni,Hamilton,New York,US,USA
College Boat Club,Philadelphia,Pennsylvania,US,USA
College Club Of Seattle,Seattle,Washington,US,USA
College Of Charleston Crew,Charleston,South Carolina,US,USA
College Of The Holy Cross,Worcester,Massachusetts,US,USA
College Of William And Mary,Williamsburg,Virginia,US,USA
Colorado Rowing,Breckenridge,Colorado,US,USA
Columbia University,New York,New York,US,USA
"Community Rowing, Inc.",Cambridge,Massachusetts,US,USA
Concord High School,Wilmington,Delaware,US,USA
Conibear Rowing Club,Seattle,Washington,US,USA
Connecticut Boat Club,Norwalk,Connecticut,US,USA
Connecticut College Alumni,New London,Connecticut,US,USA
Connecticut College Rowing,New London,Connecticut,US,USA
Conshohocken Rowing Center Inc.,Conshohocken,Pennsylvania,US,USA
Convent Of The Sacred Heart,Greenwich,Connecticut,US,USA
Cooper Training Center,Pennsauken,New Jersey,US,USA
Copenhagen Rowing Club,Copenhagen,,DK,DEN
Cornell University Alumni,Fayetteville,New York,US,USA
Cornell University Crew,Ithaca,New York,US,USA
Corvallis Rowing Club,Corvallis,Oregon,US,USA
Crabtree Boat Club - Cambridge Alumni,London,,GB,GBR
Craftsbury Sculling Center,Craftsbury Common,Vermont,US,USA
Crescent Boat Club,Philadelphia,Pennsylvania,US,USA
CRI- Row Boston,Boston,Massachusetts,US,USA
Cuban Rowing Federation,Havanna,,CU,CUB
D.c. Strokes Rowing Club,Washington,D.C.,US,USA
D.s.r. Proteus-Eretes,Delft,Zuid-Holland,NL,NED
Dallas Rowing Club,Dallas,Texas,US,USA
"Dallas United Crew, Inc.",Dallas,Texas,US,USA
Danske Studenters Roklub,Copenhagen,,DK,DEN
Dartmouth College,Hanover,New Hampshire,US,USA
Dartmouth College Lightweight Rowing,Hanover,New Hampshire,US,USA
Delta Deas Rowing Club,Delta,British Columbia,CA,CAN
Dematha Catholic High School,Hyattsville,Maryland,US,USA
Detroit Boat Club Crew,Detroit,Michigan,US,USA
Detroit Womens Rowing Association,Detroit,Michigan,US,USA
Dewolfe Rowing Club,Boston,Massachusetts,US,USA
Dexter Southfield,Dedham,Massachusetts,US,USA
Diesel Athletic Club,Pittsburgh,Pennsylvania,US,USA
Dolphin Rowing Club,San Francisco,California,US,USA
Don Rowing Club,Mississauga,Ontario,CA,CAN
Drexel Rowing Alumni Group,Philadelphia,Pennsylvania,US,USA
Drexel University,Philadelphia,Pennsylvania,US,USA
Dublin Crew,Dublin,Ohio,US,USA
Duke University Mens Crew,Durham,North Carolina,US,USA
Duluth Rowing Club,Duluth,Minnesota,US,USA
Durham Boat Club,Durham,New Hampshire,US,USA
Duxbury Bay Maritime School,Duxbury,Massachusetts,US,USA
Duxbury Boat Club,Duxbury,Massachusetts,US,USA
Early Lights Rowing Club,Seattle,Washington,US,USA
East Arm Rowing Club,Warwick,New York,US,USA
East Bay Rowing Club,Oakland,California,US,USA
East End Rowing Institute,Flanders,New York,US,USA
Edmonton Rowing Club,Edmonton,Alberta,CA,CAN
Emma Willard School,Troy,New York,US,USA
Emory Alumni Rowing,Atlanta,Georgia,US,USA
Endicott College,Beverly,Massachusetts,US,USA
Episcopal Academy - Pa,Merion Station,Pennsylvania,US,USA
Essex Rowing Club,Methuen,Massachusetts,US,USA
Etas Unis Rowing Club,Cambridge,Massachusetts,US,USA
Ever Green Boat Club,Hanover,New Hampshire,US,USA
Fairfield University Crew,Fairfield,Connecticut,US,USA
Fairmount Rowing Association,Philadelphia,Pennsylvania,US,USA
Farmington Valley Rowing Association,Simsbury,Connecticut,US,USA
Fat Cat Rowing Club,Freeville,New York,US,USA
First State Rowing Club,Newark,Delaware,US,USA
Florida Institute of Technology,Melbourne,Florida,US,USA
Florida Institute Of Technology Alumni Rowing Assn,Melbourne,Florida,US,USA
Fordham Prep,Bronx,New York,US,USA
Fordham University,Bronx,New York,US,USA
Foss Hill Boat Club,Middletown,Connecticut,US,USA
Founders Of Wesleyan Crew,New Haven,Connecticut,US,USA
Founders Rowing Club,Dallas,Texas,US,USA
Frankfurter Rudergesellschaft Germania,Frankfurt,Hesse,DE,GER
Franklin And Marshall College Crew,Lancaster,Pennsylvania,US,USA
Franklin Pierce University,Rindge,New Hampshire,US,USA
Fredericton Rowing Club,Fredericton,New Brunswick,CA,CAN
Friends Of Andover Crew,Wayland,Massachusetts,US,USA
Friends Of Brown Women's Crew,Providence,Rhode Island,US,USA
Friends Of California Men's Crew,Oakland,California,US,USA
Friends Of Concord Crew,Concord,New Hampshire,US,USA
Friends Of Georgetown Rowing,Washington,D.C.,US,USA
Friends Of Niskayuna Rowing/Niskayuna High School,Niskayuna,New York,US,USA
Friends Of Port Rowing,Port Washington,New York,US,USA
Friends Of Shenendehowa Crew,Clifton Park,New York,US,USA
Friends Of Unh Rowing,Durham,New Hampshire,US,USA
Friends Of Vanderbilt Rowing Club,Charlottesville,Virginia,US,USA
Friends Of Wpi Rowing,Worcester,Massachusetts,US,USA
Fruit Loops Rowing Association,Boston,Massachusetts,US,USA
"Gainesville Area Rowing, Inc.",Gainesville,Florida,US,USA
Genesee Rowing Club,Rochester,New York,US,USA
Gentle Giant Rowing Club,Sommerville,Massachusetts,US,USA
George Mason University Crew Club,Fairfax,Virginia,US,USA
George Mason University Rowing,Fairfax,Virginia,US,USA
George Washington Rowing Association,Washington,D.C.,US,USA
George Washington University,Washington,D.C.,US,USA
Georgetown University,Washington,D.C.,US,USA
Georgia Tech Crew,Atlanta,Georgia,US,USA
Georgian Bay Rowing Club,Midland,Ontario,CA,CAN
Germantown Friends School Rowing,Philadelphia,Pennsylvania,US,USA
Glasgow Academy,Glasgow,,GB,GBR
Gms Rowing Center,New Milford,Connecticut,US,USA
Gonzaga College High School,Washington,D.C.,US,USA
Gordon College Rowing Club,Essex,Massachusetts,US,USA
Gorge Narrows Rowing Club,Victoria,British Columbia,CA,CAN
Gorge Rowing Club,Victoria,British Columbia,CA,CAN
Grainne Mhaol Rowing Club,Galway,Connacht,IE,IRL
Grand Valley State University Rowing Club,Allendale,Michigan,US,USA
Grasshopper Club Zurich,Zurich,Zurich,CH,SUI
Great Bay Rowing,Durham,New Hampshire,US,USA
Great River Rowing,Shelton,Connecticut,US,USA
Greater Columbus Rowing Association,Columbus,Ohio,US,USA
Greater Lawrence Rowing,Lawrence,Massachusetts,US,USA
Green Lake Crew,Seattle,Washington,US,USA
Green Mountain Rowing,South Burlington,Vermont,US,USA
Greenwich Crew,Cos Cob,Connecticut,US,USA
Groton School,Groton,Massachusetts,US,USA
Haddon Township High School,Haddon Township,New Jersey,US,USA
Hampton High School,Pittsburgh,Pennsylvania,US,USA
Hanlan Boat Club,Toronto,Ontario,CA,CAN
Hanlan Rowing Club,Toronto,Ontario,CA,CAN
Harriton Boat Club,Conshohocken,Pennsylvania,US,USA
Hartford Barge Club,Glastonbury,Connecticut,US,USA
Harvard Alumni 2009,Cambridge,Massachusetts,US,USA
Harvard Business School Boat Club,Boston,Massachusetts,US,USA
Harvard Sculling Club,Cambridge,Massachusetts,US,USA
Harvard University,Boston,Massachusetts,US,USA
Harvey's Lake Rowing Club,Harvey’s Lake,Pennsylvania,US,USA
Headington School Oxford Boat Club,Oxford,Oxfordshire,GB,GBR
Heart Of The Crude,Cambridge,Massachusetts,US,USA
High Point University,High Point,North Carolina,US,USA
Highlands Rowing Center,Hewitt,New Jersey,US,USA
Hingham Harbor Rowing Club,Hingham,Massachusetts,US,USA
Hingham High School Rowing Association,Hingham,Massachusetts,US,USA
Hobart College,Geneva,New York,US,USA
Hobart College Crew Alumni,Geneva,New York,US,USA
Hollywood Rowing Club,Ft Lauderdale,Florida,US,USA
Holy Names Academy,Seattle,Washington,US,USA
Holyoke Rows,Holyoke,Massachusetts,US,USA
"Hudson River Rowing Association, Inc.",Poughkeepsie,New York,US,USA
Hull Lifesaving Museum,hull,Massachusetts,US,USA
Huntsville-Madison County Rowing & Watersports,Huntsville,Alabama,US,USA
Huron Rowing Association Alumni,Ann Arbor,Michigan,US,USA
"Ignatius Chicago Rowing Association, Inc.",Chicago,Illinois,US,USA
Indian River Rowing Club,Vero Beach,Florida,US,USA
Iona College,New Rochelle,New York,US,USA
Ithaca College Crew,Ithaca,New York,US,USA
Jacksonville Rowing Club,Jacksonville,Florida,US,USA
Jesuit College Prep Dallas,Dallas,Texas,US,USA
K.a.r.&z.v.de Hoop,Amsterdam,,NL,NED
Kansas City Rowing Club,Kansas City,Missouri,US,USA
Kennebecasis,Renforth,New Brunswick,CA,CAN
Kent Alumni Boat Club,Kent,Connecticut,US,USA
Kent Mitchell Rowing Club,Palo Alto,California,US,USA
Kent School Boat Club,Kent,Connecticut,US,USA
King's College School - Wimbledon,London,London,GB,GBR
King's Crown Rowing Association,New York,New York,US,USA
Kölner Ruderverein Von 1877 E.v.,Köln,NRW,DE,GER
Koninklijke Roei En Zeilvereniging Het Spaarne,Heemstede,,NL,NED
Koninklijke Roeivereniging Sport Gent,gent,Oost-Vlaanderen,BE,BEL
"Koninklijke Studenten Roeivereeniging ""njord""",Leiden,,NL,NED
Kvik,Copenhagen,Copenhagen,DK,DEN
La Salle University Crew,Philadelphia,Pennsylvania,US,USA
Lady Eleanor Holles School Boat Club,London,,GB,GBR
Lafayette College Alumni Rowing,Easton,Pennsylvania,US,USA
Lake Casitas Rowing Association,Oak View,California,US,USA
Lake Merritt Rowing Club,Oakland,California,US,USA
Lake Quinsigamond Community Rowing Club,Medford,Massachusetts,US,USA
Lake Union Crew,Seattle,Washington,US,USA
Lake Washington Rowing Club,Seattle,Washington,US,USA
Lansing Rowing Club,Lansing,Michigan,US,USA
Lausanne-Sports Aviron,Lausanne,,CH,SUI
Lawrenceville School,Lawrenceville,New Jersey,US,USA
Lea Rowing Club,London,South East,GB,GBR
Leander Boat Club,Hamilton,Ontario,CA,CAN
Leatherlips Yacht Club,Powell,Ohio,US,USA
Lehigh Alumni,Bethlehem,Pennsylvania,US,USA
Lehigh River Navy,Bethlehem,Pennsylvania,US,USA
Lenox Memorial Crew,Lenox,Massachusetts,US,USA
Lewis S. Mills High School,Tariffville,Connecticut,US,USA
Lincoln Park Boat Club,Chicago,Illinois,US,USA
Litchfield Hills Rowing Club,Litchfield,Connecticut,US,USA
London Rowing Club,London,,GB,GBR
London Rowing Club (on),London,Ontario,CA,CAN
Long Beach Junior Crew,Long Beach,California,US,USA
Long Beach Rowing Association,Long Beach,California,US,USA
Long Island Rowing Club,Dix Hills,New York,US,USA
Long Lake Rowing Club,Wayzata,Minnesota,US,USA
Longmont Sculling Club,Longmont,Colorado,US,USA
Los Gatos Rowing Club,San Jose,California,US,USA
Lowell High School,Lowell,Massachusetts,US,USA
Loyola Academy,Wilmette,Illinois,US,USA
Lucky Charms,Providence,Rhode Island,US,USA
Lufthansa Sportverein Hamburg E.v.,Hamburg,,DE,GER
Lynwood Rowing Club,New Haven,Connecticut,US,USA
Maine Rowing Association,Bridgton,Maine,US,USA
Mainland Regional High School,Linwood,New Jersey,US,USA
Malta Boat Club,Drexel Hill,Pennsylvania,US,USA
Malvern Preparatory School,Berwyn,Pennsylvania,US,USA
Manhasset High School,Manhasset,New York,US,USA
Manhattan College,Riverdale,New York,US,USA
Maple Bay Rowing Club,Duncan,British Columbia,CA,CAN
Marianapolis Preparatory School Crew,Thompson,Connecticut,US,USA
Marietta College,Marietta,Ohio,US,USA
Marietta College Rowing Alumni,Marietta,Ohio,US,USA
Marin Rowing Association,Greenbrae,California,US,USA
Marina Aquatic Center Junior Rowing,Marina del Rey,California,US,USA
Marist College Alumni,Poughkeepsie,New York,US,USA
Marist College Crew,Poughkeepsie,New York,US,USA
Maritime Rowing Club,Norwalk,Connecticut,US,USA
Marquette University,Milwaukee,Wisconsin,US,USA
Martha's Moms Rowing Club,Seattle,Washington,US,USA
Massachusetts Institute Of Technology,Boston,Massachusetts,US,USA
Massachusetts Maritime Academy,Buzzards Bay,Massachusetts,US,USA
Massachusetts State Police,Boston,Massachusetts,US,USA
Masters Coaching,Cambridge,Massachusetts,US,USA
McCallie Alumni,Chattanooga,Tennessee,US,USA
McCallie/Girls Preparatory School Crew (mcgps),Chattanooga,Tennessee,US,USA
McQuaid Jesuit High School,Rochester,New York,US,USA
Megunticook Rowing,Camden,Maine,US,USA
Melbourne Rowing Club,Melbourne,Victoria,AU,AUS
Melbourne University Boat Club,Melbourne,Victoria,AU,AUS
Mercyhurst University Rowing,Erie,Pennsylvania,US,USA
Merion Mercy Academy,Merion Station,Pennsylvania,US,USA
Merrimac River Rowing Association,Lowell,Massachusetts,US,USA
Messalonskee Rowing Club,Waterville,Maine,US,USA
"Miami Beach Watersports Center, Inc.",Miami Beach,Florida,US,USA
Miami Rowing and Watersports Center,Miami,Florida,US,USA
Miami University Rowing Club,Oxford,Ohio,US,USA
Michigan Rowing Association,Ann Arbor,Michigan,US,USA
Michigan Rowing Association Alumni,Ann Arbor,Michigan,US,USA
Michigan State Crew Club,E. Lansing,Michigan,US,USA
Michigan State University Women's Crew,E. Lansing,Michigan,US,USA
Middlebury College Alumni Rowing Association,Middlebury,Vermont,US,USA
Middlebury College Crew,Middlebury,Vermont,US,USA
Middlesex School Alumni,Concord,Massachusetts,US,USA
Mid-Hudson Rowing Association,Poughkeepsie,New York,US,USA
Milton High School Crew,Milton,Massachusetts,US,USA
Milwaukee School Of Engineering (msoe),Milwaukee,Wisconsin,US,USA
Minerva Rowing Club,Amsterdam,,NL,NED
Minneapolis Rowing Club,Minneapolis,Minnesota,US,USA
Minnesota Boat Club,St. Paul,Minnesota,US,USA
Miss Porters School Crew,Farmington,Connecticut,US,USA
Mit Grad Crew,West Newton,Massachusetts,US,USA
Mit Rowing Club,Cambridge,Massachusetts,US,USA
Mohawk River Boat Club,Amsterdam,New York,US,USA
Molesey Boat Club,East Molesey,Surrey,GB,GBR
Montclair High School,Montclair,New Jersey,US,USA
Montreal Rowing Club,Montreal,Quebec,CA,CAN
Mortlake Anglian & Alpha,London,London,GB,GBR
Motley Rowing Club,Morrisville,Vermont,US,USA
Mount Greylock Rowing Club,Williamstown,Massachusetts,US,USA
Mount Holyoke College,S. Hadley,Massachusetts,US,USA
Mount Saint Joseph Academy,Flourtown,Pennsylvania,US,USA
Mountain Lakes Crew Club,Mountain Lakes,New Jersey,US,USA
Mt. Baker Crew,Seattle,Washington,US,USA
Mystic Valley Regional Charter School,Malden,Massachusetts,US,USA
Narragansett Boat Club,Providence,Rhode Island,US,USA
Nashaquitsa Rowing Club,Chilmark,Massachusetts,US,USA
Nashville Rowing Club,Nashville,Tennessee,US,USA
Nassau Rowing Club,Nassau,,BS,
National Training Centre,Victoria,British Columbia,CA,CAN
Nauset Crew,Eastham,Massachusetts,US,USA
Navesink River Rowing,Red Bank,New Jersey,US,USA
Navy Masters Rowing Club,Annapolis,Maryland,US,USA
Navy Womens Crew,Annapolis,Maryland,US,USA
Ncsu Crew,Raleigh,North Carolina,US,USA
Neponset Rowing Club,Milton,Massachusetts,US,USA
Nereid Boat Club,Rutherford,New Jersey,US,USA
New Canaan High School Crew Club,Westport,Connecticut,US,USA
New Haven Rowing Club,New Haven,Connecticut,US,USA
New Trier High School Rowing,Winnetka,Illinois,US,USA
New Trier Masters,Winnetka,Illinois,US,USA
"New World Rowing, Inc.",Portland,Oregon,US,USA
New York Athletic Club,New York,New York,US,USA
New York Maritime College Crew,Throggs Neck,New York,US,USA
New York University Crew,New York,New York,US,USA
Newport Aquatic Center,Newport Beach,California,US,USA
Newport Rowing Club,Newport,Delaware,US,USA
Newport Sea Base Rowing,Newport Beach,California,US,USA
Newton Country Day School,Newton,Massachusetts,US,USA
Noank Rowing Club,Noank,Connecticut,US,USA
Noble & Greenough School,Dedham,Massachusetts,US,USA
Nonesuch Oar & Paddle Culb - Me,Cape Elizabeth,Maine,US,USA
Norcal Crew,Redwood City,California,US,USA
Norges Handelshøgskoles Idrettsforening - Oktagon,Bergen,Hordaland,NO,NOR
Norske Studenters Roklubb,Oslo,Oslo,NO,NOR
North Adams Rowing Club,Williamstown,Massachusetts,US,USA
North Bay Rowing Club,Petaluma,California,US,USA
North Cascades Crew,Lake Stevens,Washington,US,USA
North Dakota Indoor Rowing Team,Bismarck,North Dakota,US,USA
North Jersey Rowing,Hewitt,New Jersey,US,USA
North Palm Beach Rowing Club,Palm Beach Gardens,Florida,US,USA
North Star Rowing Club,Dartmouth,Nova Scotia,CA,CAN
Northampton Youth And Community Rowing,Northampton,Massachusetts,US,USA
Northeastern University,Boston,Massachusetts,US,USA
Northeastern University Rowing Alumni,Medford,Massachusetts,US,USA
Northfield Mount Hermon School,Northfield,Massachusetts,US,USA
Norwalk River Rowing Association,Norwalk,Connecticut,US,USA
Norwich Rowing Club,Norwich,,GB,GBR
Notre Dame Academy Crew,Toledo,Ohio,US,USA
Notre Dame Rowing Club (welland),Welland,Ontario,CA,CAN
Nova Southeastern University,Hollywod,Florida,US,USA
Nwc12,Pensacola,Florida,US,USA
Oa Centers For Orthopaedics,Portland,Maine,US,USA
Oak Ridge Rowing Association,Oak Ridge,Tennessee,US,USA
"Oakland Strokes, Inc.",Oakland,California,US,USA
Oakton Masters Rowing Club,Oak Hill,Virginia,US,USA
Oars Of Rhode Island,Kingston,Rhode Island,US,USA
Occoquan Boat Club,Burke,Virginia,US,USA
Occoquan International,Baltimore,Maryland,US,USA
Okc Riversport,Oklahoma City,Oklahoma,US,USA
Oklahoma City University Rowing,Oklahoma City,Oklahoma,US,USA
Old Collegians,Dublin,Dublin,IE,IRL
Old Dominion Boat Club,Alexandria,Virginia,US,USA
Old Dominion University Women's Rowing,Norfolk,Virginia,US,USA
Old Lyme Rowing Association/Blood Street Sculls,Lyme,Connecticut,US,USA
Oregon Rowing Unlimited,Portland,Oregon,US,USA
Orlando Area Rowing Society,Windermere,Florida,US,USA
Orlando Rowing Club,Orlando,Florida,US,USA
Orleans Sweeps & Sculls,Orleand,Massachusetts,US,USA
Ottawa Rowing Club,Ottawa,Ontario,CA,CAN
Our Lady Of Mercy Academy,Syosset,New York,US,USA
Pacific Rowing Club,San Francisco,California,US,USA
Palm Beach Rowing Association,Palm Beach,Florida,US,USA
Palo Alto Rowing Club,Palo Alto,California,US,USA
Partez Rowing Club,Tokyo,Tokyo,JP,JPN
Passaic River Rowing Association,Lyndhurst,New Jersey,US,USA
Peconic Community Rowing Association,Riverhead,New York,US,USA
Peddie School,Hightstown,New Jersey,US,USA
Pelham Community Rowing Association,New Rochelle,New York,US,USA
Penn A.c. Rowing Association,Philadelphia,Pennsylvania,US,USA
Penn State Crew,University Park,Pennsylvania,US,USA
Peterborough Rowing Club,Peterborough,Ontario,CA,CAN
Pettipaug Yc Rowing,Essex,Connecticut,US,USA
Philadelphia City Rowing,Philadelphia,Pennsylvania,US,USA
Philadelphia Girls Rowing Club,Philadelphia,Pennsylvania,US,USA
Philadelphia University,Philadelphia,Pennsylvania,US,USA
Pine-Richland Crew,Pittsburgh,Pennsylvania,US,USA
Pioneer Rowing Club - Ma,Northfield,Massachusetts,US,USA
Pioneer Valley Riverfront Club,Longmeadow,Massachusetts,US,USA
Pittsford Crew,Pittsford,New York,US,USA
Pocock Rowing Center,Seattle,Washington,US,USA
Polar Rowing Club,Brunswick,Maine,US,USA
Portland Community Rowing Association,Portland,Maine,US,USA
Potomac Boat Club,Washington,D.C.,US,USA
Prairie Rowing,Redwood Shores,California,US,USA
"Prince William Rowing Club, Inc.",Lake Ridge,Virginia,US,USA
Princeton National Rowing Association/Mercer,Princeton,New Jersey,US,USA
Princeton University,Princeton,New Jersey,US,USA
Purdue University Crew,West Lafayette,Indiana,US,USA
Purple Bull Roklub,Williamstown,Massachusetts,US,USA
Purple Reign Boat Club,Seituate,Massachusetts,US,USA
Putney High School Boat Club,London,Thames Central,GB,GBR
Quinsigamond Rowing Club Inc.,Shrewsbury,Massachusetts,US,USA
Quintin Boat Club,London,,GB,GBR
Radcliffe Alumnae Rowing Association,Cambridge,Massachusetts,US,USA
Radcliffe Crew,Boston,Massachusetts,US,USA
Radley College Boat Club,Abingdon,Oxfordshire,GB,GBR
Radnor High School,Villanova,Pennsylvania,US,USA
Raleigh Rowing Center,Raleigh,North Carolina,US,USA
Ransom Crew,Coconut Grove,Florida,US,USA
Ravens Boat Club,Johannesburg,Gauteng,ZA,RSA
Reading Rowing Club,Reading,Berkshire,GB,GBR
Recovery On Water,Chicago,Illinois,US,USA
Red Cedar Rowing Foundation,Lansing,Michigan,US,USA
Rensselaer Crew Club,Troy,New York,US,USA
Resilient Rowing Club,Fairfax,Virginia,US,USA
Ridley College,St. Catharines,Ontario,CA,CAN
Ridley Graduate Boat Club,St. Catharines,Ontario,CA,CAN
Rio Salado Rowing Club,Tempe,Arizona,US,USA
"Rivanna Rowing Club, Inc.",Charlottesville,Virginia,US,USA
River City Rowing Club,W. Sacramento,California,US,USA
River Rowing Association,Nyack,New York,US,USA
"Riverfront Recapture, Inc.",Hartford,Connecticut,US,USA
Riverside Boat Club,Cambridge,Massachusetts,US,USA
Rob Roy Boat Club,Cambridge,Cambridgeshire,GB,GBR
Rochester Institute Of Technology Crew,Rochester,New York,US,USA
Rock Creek Rowing,Washington,D.C.,US,USA
"Rocket City Rowing Club, Inc.",Huntsville,Alabama,US,USA
Rockford Crew,Rockford,Michigan,US,USA
Rocky Mountain Rowing Club,Denver,Colorado,US,USA
Rollins Rowing Association,Winter Park,Florida,US,USA
Roman Catholic High School,Philadelphia,Pennsylvania,US,USA
Rose City Rowing Club,Portland,Oregon,US,USA
Row New York,New York,New York,US,USA
Row New York - Manhattan,New York,New York,US,USA
Row New York - Queens,New York,New York,US,USA
RowAmerica Rye,Rye,New York,US,USA
Rowamerica St. Charles,St. Charles,Illinois,US,USA
Rowla,Marina del Rey,California,US,USA
Royal Navy And Royal Marines Amateur Rowing Club,Portsmouth,,GB,GBR
Royal Shrewsbury School Boat Club,Shrewsbury,Shropshire,GB,GBR
Rthc Bayer Leverkusen E.v. Ruderabteilung,Leverkusen,NRW,DE,GER
Ruderclub Rigi Kuessnacht,Kuessnacht a.R.,Schwyz,CH,SUI
Rule One Boat Club Of Wesleyan University,Middletown,Connecticut,US,USA
Rutgers University,New Brunswick,New Jersey,US,USA
Rutgers University Womens Crew,New Brunswick,New Jersey,US,USA
Rv Kreuzgasse E.v.,Cologne,NRW,DE,GER
Rye High School Crew,Rye,New York,US,USA
S.a.c./Sacramento State Aquatic Center/capital,Sacramento,California,US,USA
Sag Harbor Community Rowing,Sag Harbor,New York,US,USA
Saint Joseph Academy Rowing Club,Cleveland,Ohio,US,USA
Saint Joseph's University Alumni Rowing,Philadelphia,Pennsylvania,US,USA
Salisbury Boat Club,Salisbury,Connecticut,US,USA
Salisbury School,Salisbury,Connecticut,US,USA
Sammamish Rowing Association,Sammamish,Washington,US,USA
San Diego Rowing Club,San Diego,California,US,USA
Sarasota County Rowing Club,Sarasota,Florida,US,USA
Sarasota Crew,Sarasota,Florida,US,USA
Saratoga Springs High School/Saratoga Rowing Assoc,Saratoga Springs,New York,US,USA
Saugatuck Rowing Club,Westport,Connecticut,US,USA
Schenectady County Community College,Schenectady,New York,US,USA
Scotch College - Vic,Hawthorn,Victoria,AU,AUS
Seattle Rowing Center,Seattle,Washington,US,USA
Segreants Boat Club,Cambridge,Cambridgeshire,GB,GBR
Severn River Rowing Club,Severn Bridge,Ontario,CA,CAN
Shaker Rowing Association/High School,Loudonville,New York,US,USA
Shannon Rowing Club,Limerick,,IE,IRL
Shrewsbury High School Crew,Shrewsbury,Massachusetts,US,USA
Simmons Alumnae Rowing Club,Boston,Massachusetts,US,USA
Simmons College,Boston,Massachusetts,US,USA
Simsbury High School Crew,Simsbury,Connecticut,US,USA
Skidmore Community Rowing,Saratoga Springs,New York,US,USA
Skyline Crew,Ann Arbor,Michigan,US,USA
Smith College Crew,Northampton,Massachusetts,US,USA
Smith Pioneer Rowing,Northampton,Massachusetts,US,USA
Souhegan Crew Club,Amherst,New Hampshire,US,USA
South End Rowing Club,San Francisco,California,US,USA
South Niagara Rowing Club,Welland,Ontario,CA,CAN
Southern California Scullers Club,Huntington Beach,California,US,USA
Space Coast Crew,Indian Harbour Beach,Florida,US,USA
Squamscott River Club,Exeter,New Hampshire,US,USA
St Benedict's College,Bedfordview,Gauteng,ZA,RSA
St Georges Rowing Club,Auckland,Auckland,NZ,NZL
St Paul's School Boat Club,London,,GB,GBR
St. Andrew Rowing Club,Roswell,Georgia,US,USA
St. Catharines Rowing Club,St. Catharines,Ontario,CA,CAN
St. John Fisher College Rowing,Rochester,New York,US,USA
St. Johns High School,Shrewsbury,Massachusetts,US,USA
St. John's Jesuit High School,Toledo,Ohio,US,USA
St. Joseph High School Crew / Falcon Rowing,Metuchen,New Jersey,US,USA
St. Josephs Collegiate Institute,Buffalo,New York,US,USA
St. Joseph's Preparatory School,Philadelphia,Pennsylvania,US,USA
St. Joseph's University,Philadelphia,Pennsylvania,US,USA
St. Louis Rowing Club,St. Louis,Missouri,US,USA
St. Mark's School,Southborough,Massachusetts,US,USA
St. Paul's School,Concord,New Hampshire,US,USA
St. Peters Preparatory School,Jersey City,New Jersey,US,USA
St. Stephens & St. Agnes High School,Alexandria,Virginia,US,USA
Stanford Rowing Center,Redwood City,California,US,USA
Stanford University Mens Crew,Stanford,California,US,USA
Stanford University Womens Crew,Stanford,California,US,USA
Station L Rowing Club,Portland,Oregon,US,USA
Steel City Rowing Club,Verona,Pennsylvania,US,USA
Stetson University,DeLand,Florida,US,USA
Stonefields Rowing,Bridgton,Maine,US,USA
Stowe Sculling Club,Buckingham,Buckinghamshire,GB,GBR
Style Driven Rowing Club,Boston,Massachusetts,US,USA
SUNY Geneseo,Geneseo,New York,US,USA
Susquehanna Rowing Association,Lewisberry,Pennsylvania,US,USA
Susquehanna University,Middleburg,Pennsylvania,US,USA
Swan Creek Rowing Club,Lambertville,New Jersey,US,USA
Sydney Rowing Club,Sydney,New South Wales,AU,AUS
"Syracuse Alumni Rowing Association, Inc.",Syracuse,New York,US,USA
Syracuse Chargers Rowing Club,Syracuse,New York,US,USA
Syracuse University,Syracuse,New York,US,USA
"Tallahassee Rowing Club, Inc.",Tallahassee,Florida,US,USA
Tampa Training Center,Tampa,Florida,US,USA
Tattersall's Rowing Club,,Queensland,AU,AUS
Tbc Racing,Washington,D.C.,US,USA
Team Attager,Cambridge,Massachusetts,US,USA
"Tempe Junior Crew, Inc.",Tempe,Arizona,US,USA
Temple University Alumni,Philadelphia,Pennsylvania,US,USA
Temple University Rowing,Philadelphia,Pennsylvania,US,USA
Texas Crew,Austin,Texas,US,USA
Texas Rowing Center,Austin,Texas,US,USA
Thames Rowing Club,London,London,GB,GBR
The American School In London,London,,GB,GBR
The Derryfield School Crew,Manchester,New Hampshire,US,USA
The Gunnery,Washington,Connecticut,US,USA
The Haverford School,Haverford,Pennsylvania,US,USA
The Milwaukee Rowing Club,Milwaukee,Wisconsin,US,USA
The Rowing Team At The University Of Georgia,Athens,Georgia,US,USA
The University Alabama Women's Rowing Team,Tuscaloosa,Alabama,US,USA
The Winsor School,Boston,Massachusetts,US,USA
Three Rivers Rowing Association,Pittsburgh,Pennsylvania,US,USA
Tideway Scullers,London,,GB,GBR
Toledo Rowing Club,Toledo,Ohio,US,USA
Toronto Sculling Club,Toronto,Ontario,CA,CAN
Treasure Coast Rowing Club,Palm City,Florida,US,USA
Trent University Rowing,Peterborough,Ontario,CA,CAN
Triangle Rowing Club,Raleigh,North Carolina,US,USA
Trinity College Crew,Hartford,Connecticut,US,USA
Tufts University Crew,Medford,Massachusetts,US,USA
Tulsa Youth Rowing Association,Tulsa,Oklahoma,US,USA
Twickenham Rowing Club,Twickenham,UK,GB,GBR
Twin Cities Youth Rowing,Minneapolis,Minnesota,US,USA
Tyrian Club,London,,GB,GBR
U.s. Coast Guard Academy,New London,Connecticut,US,USA
U.s. Merchant Marine Academy,Kings Point,New York,US,USA
U.s. Military Academy Crew,West Point,New York,US,USA
U.s. Naval Academy Mens Crew,Annapolis,Maryland,US,USA
Uc Santa Barbara Men's Alumni Association,Goleta,California,US,USA
Uganda Rowing Federation,Kampala,Uganda,UG,UGA
Unaffiliated (aus),,,AU,AUS
Unaffiliated (can),,,CA,CAN
Unaffiliated (esa),,,SV,ESA
Unaffiliated (ukr),,,UA,UKR
Unaffiliated (usa),,,US,USA
UNC Men's Crew,Chapel Hill,North Carolina,US,USA
Undine Barge Club,Philadelphia,Pennsylvania,US,USA
Union Boat Club,Boston,Massachusetts,US,USA
United States Coast Guard Academy Alumni,New London,Connecticut,US,USA
University Barge Club,Philadelphia,Pennsylvania,US,USA
"University Of California, Berkeley",Berkeley,California,US,USA
"University Of California, Santa Barbara",Santa Barbara,California,US,USA
University Of Chicago Crew,Chicago,Illinois,US,USA
University Of Cincinnati Rowing Team,Cincinnati,Ohio,US,USA
University Of Connecticut,Storrs,Connecticut,US,USA
University Of Delaware,Newark,Delaware,US,USA
University of Delaware Men's Crew,Wilmington,Delaware,US,USA
University Of Essex Rowing Club,Wivenhoe,Essex,GB,GBR
University Of Illinois Rowing,Urbana,Illinois,US,USA
University Of Iowa,Iowa City,Iowa,US,USA
University Of Kansas Crew,Lawrence,Kansas,US,USA
University Of Massachusetts - Lowell,Lowell,Massachusetts,US,USA
University Of Massachusetts Alumni,Amherst,Massachusetts,US,USA
University Of Massachusetts Crew,Amherst,Massachusetts,US,USA
University Of Miami Crew,Coral Gables,Florida,US,USA
University Of Michigan Alumni,Ann Arbor,Michigan,US,USA
University Of Michigan Womens Crew,Ann Arbor,Michigan,US,USA
University of Minnesota Alumni,St. Paul,Minnesota,US,USA
University Of Minnesota Men's Crew,Minneapolis,Minnesota,US,USA
University of Minnesota Rowing,Minneapolis,Minnesota,US,USA
University Of New England Rowing Club,Biddeford,Maine,US,USA
University Of New Hampshire,Durham,New Hampshire,US,USA
University Of Notre Dame - Alumni,Notre Dame,Indiana,US,USA
University Of Notre Dame Mens Crew Club,Notre Dame,Indiana,US,USA
University Of Notre Dame Womens Rowing,Notre Dame,Indiana,US,USA
University Of Pennsylvania Alumni,Philadelphia,Pennsylvania,US,USA
University Of Pennsylvania Crew,Philadelphia,Pennsylvania,US,USA
University Of Rhode Island Alumni,Kingston,Rhode Island,US,USA
University Of Rhode Island Crew,Kingston,Rhode Island,US,USA
University of Rhode Island Womens Crew,Kingston,Rhode Island,US,USA
University Of San Diego Alumni 85.5,San Diego,California,US,USA
University Of Southern California,Los Angeles,California,US,USA
University Of St. Thomas Crew Club,St. Paul,Minnesota,US,USA
University Of Tennessee Womens Rowing,Knoxville,Tennessee,US,USA
University Of Toronto Alumni,Toronto,Ontario,CA,CAN
University Of Tulsa Women's Rowing,Tulsa,Oklahoma,US,USA
University Of Vermont Crew,Burlington,Vermont,US,USA
University Of Virginia Alumni,Charlottesville,Virginia,US,USA
University Of Virginia Rowing Association,Charlottesville,Virginia,US,USA
University Of Virginia Womens Crew,Charlottesville,Virginia,US,USA
University Of Washington,Seattle,Washington,US,USA
University of Washington Alumni,Seattle,Washington,US,USA
University Of Wisconsin,Madison,Wisconsin,US,USA
University Of Wisconsin Lightweight Women Alumni,Madison,Wisconsin,US,USA
Upper Arlington High School,Columbus,Ohio,US,USA
Upper Canada College,Toronto,Ontario,CA,CAN
Upper Merion Boat Club,King of Prussia,Pennsylvania,US,USA
Upper Thames Rowing Club,Remenham,Berkshire,GB,GBR
Upper Valley Rowing Foundation,Hanover,New Hampshire,US,USA
US Mens National Team,Chula Vista,California,US,USA
US Para National Team,Princeton,New Jersey,US,USA
US Womens National Team,Princeton,New Jersey,US,USA
Usc Women's Rowing,Los Angeles,California,US,USA
Usrowing,Princeton,New Jersey,US,USA
Usrowing Training Center,Princeton,New Jersey,US,USA
Vancouver Rowing Club,Vancouver,British Columbia,CA,CAN
Vanderbilt University Crew,Nashville,Tennessee,US,USA
Vashon Island Rowing Club,Vashon,Washington,US,USA
Vcu Crew Club,Richmond,Virginia,US,USA
Vesper Boat Club,Philadelphia,Pennsylvania,US,USA
Villanova - Wildcat Rowing Association,Villanova,Pennsylvania,US,USA
Virginia Boat Club,Richmond,Virginia,US,USA
Virginia Tech Crew,Blacksburg,Virginia,US,USA
V-Sculls/Riverside Rowing,Cos Cob,Connecticut,US,USA
Walt Whitman High School,Cabin John,Maryland,US,USA
Walter Johnson Crew Inc,Washington,D.C.,US,USA
Warren Rowing Club,Sharon,Massachusetts,US,USA
Washington College Crew,Chestertown,Maryland,US,USA
Washington Rowing School,Bladensburg,Maryland,US,USA
Washington State University Men's Crew,Pullman,Washington,US,USA
Washington University Crew,St. Louis,Missouri,US,USA
Wayland-Weston Crew Alumni,Wayland,Massachusetts,US,USA
"Wayland-Weston Rowing Association, Inc.",Wayland,Massachusetts,US,USA
Wellesley College,Wellesley,Massachusetts,US,USA
Wellesley College Alumnae,Wellesley,Massachusetts,US,USA
Wentworth Institute Of Technology,Boston,Massachusetts,US,USA
Wentworth Men's Rowing Alumni,Boston,Massachusetts,US,USA
Wesleyan Alumni Boat Club,Middletown,Connecticut,US,USA
Wesleyan University,Middletown,Connecticut,US,USA
West End Rowing Club,Auckland,,NZ,NZL
West Side Rowing Club,Buffalo,New York,US,USA
Western Reserve Rowing Association,Cleveland,Ohio,US,USA
Western Rowing Club,London,Ontario,CA,CAN
Western University (uwo),London,Ontario,CA,CAN
Western Washington Universty,Bellingham,Washington,US,USA
Westford Littleton Community Crew,Westford,Massachusetts,US,USA
Westminster School Boat Club,"London, England",SWI P3P5,GB,GBR
Wheaton College Crew,Wheaton,Illinois,US,USA
Whistler Rowing Club,Whistler,British Columbia,CA,CAN
Whitemarsh Boat Club,Conshohocken,Pennsylvania,US,USA
Wichita Rowing Association,Wichita,Kansas,US,USA
Wichita State University Rowing Team,Wichita,Kansas,US,USA
Wide Load Boat Club,Boston,Massachusetts,US,USA
Wiener Ruderclub Lia,Vienna,Vienna,AT,AUT
Willamette Rowing Club,Portland,Oregon,US,USA
Willem Iii Rowing Club,Amsterdam,New Hampshire,NL,NED
William Smith Alumnae Rowing,Geneva,New York,US,USA
William Smith College Crew,Geneva,New York,US,USA
Williams College Boat Club,Williamstown,Massachusetts,US,USA
Williams Women's Rowing Alumnae Association,Williamstown,Massachusetts,US,USA
Wilmington Rowing Center,Wilmington,Delaware,US,USA
Wilmington Youth Rowing Association,Wilmington,Delaware,US,USA
Winnipeg Rowing Club,Winnipeg,Manitoba,CA,CAN
Winter Park High School,Winter Park,Florida,US,USA
Woodrow Wilson High School,Washington,D.C.,US,USA
Worcester Public High Schools,Medford,Massachusetts,US,USA
Wpi Crew,Worcester,Massachusetts,US,USA
Xavier High School Crew,Middletown,Connecticut,US,USA
Xi'an Jiaotong University Rowing Club,Xi'an,Shaanxi,CN,CHN
Y Quad Cities Rowing,Moline,Illinois,US,USA
Yale Old Fellows Rowing Association,Boston,Massachusetts,US,USA
Yale University Crew,New Haven,Connecticut,US,USA
Yarmouth Rowing Club,Yarmouth,Maine,US,USA
Zhejiang Vanke Rowing Club,Hangzhou,Zhejiang,CN,CHN
"Zlac Rowing Club, Ltd",San Diego,California,US,USA
